QIs,k,QI,gen.intensity,granularity,n.u.entropy,sq.err.,exp,method
9,2,sex,0.9890590809628009,0.9890590809628008,0.9879639531673864,0.9890590809628009,exp1,arx
9,2,salary-class,0.9853457993501757,0.9853457993501757,0.9818986918009861,0.9853457993501757,exp1,arx
9,2,race,0.9964856441880512,0.9964856441881883,0.9896886579461383,0.9973327844711614,exp1,arx
9,2,workclass,0.9865559313042902,0.990982030369339,0.9711952481104654,0.9957300942580124,exp1,arx
9,2,marital-status,0.9886446522113919,0.9858652167185594,0.9746335677234218,0.9900737801863592,exp1,arx
9,2,occupation,0.9858928453020357,0.9893855233023574,0.982853121866186,0.9847058836077178,exp1,arx
9,2,education,0.9619499149039628,0.9720796587317375,0.9367952077967553,0.9660227622257346,exp1,arx
9,2,native-country,0.9430077581062264,0.9566350043100781,0.6457244371357054,0.945523397125306,exp1,arx
9,2,age,0.7389098866122936,0.8624645768070599,0.6925925331181455,0.0,exp1,arx
9,3,sex,0.98783237185863,0.9878323718586302,0.9866179699481079,0.98783237185863,exp1,arx
9,3,salary-class,0.9810688946356343,0.9810688946356343,0.9766157825471934,0.9810688946356343,exp1,arx
9,3,race,0.9944300775810623,0.9944300775812001,0.9836856023674482,0.9957265138623064,exp1,arx
9,3,workclass,0.9783005105762217,0.9843606430039691,0.9539879512025248,0.9922321606957373,exp1,arx
9,3,marital-status,0.9798919169816325,0.9750624405985174,0.9558943641891317,0.9824892521229794,exp1,arx
9,3,occupation,0.9758139380677674,0.9795055418687797,0.9716657739662292,0.9726274459334019,exp1,arx
9,3,education,0.9297570894945084,0.9465176933448268,0.8882773624128667,0.9329900031296458,exp1,arx
9,3,native-country,0.920893839931039,0.9362252171606823,0.5431350329390349,0.9262246552982752,exp1,arx
9,3,age,0.610080564949274,0.7599193312341456,0.5560301559979245,0.0,exp1,arx
9,4,sex,0.9871361315562629,0.9871361315562628,0.9858705045254013,0.9871361315562629,exp1,arx
9,4,salary-class,0.9801405742324779,0.980140574232478,0.9755603090590038,0.9801405742324779,exp1,arx
9,4,race,0.9946621576818513,0.9946621576819885,0.9842498245038253,0.9962760833308578,exp1,arx
9,4,workclass,0.972133810755255,0.9795580058162116,0.9416629622531792,0.989531304099507,exp1,arx
9,4,marital-status,0.9750679663152311,0.9687686492937974,0.9439682398265474,0.9782689503689009,exp1,arx
9,4,occupation,0.9652211391817519,0.9702172371756722,0.9589855766999154,0.9617069370135819,exp1,arx
9,4,education,0.9066595937493087,0.9271688437990407,0.8550174639340883,0.9112876785661465,exp1,arx
9,4,native-country,0.9014985743650952,0.9169037199124869,0.4778447692173844,0.9092678437922357,exp1,arx
9,4,age,0.5400835488362841,0.6975463808564384,0.4843109077030163,0.0,exp1,arx
9,5,sex,0.9869372057555865,0.9869372057555865,0.9856296895392431,0.9869372057555865,exp1,arx
9,5,salary-class,0.9758968238180492,0.9758968238180492,0.9703591917693097,0.9758968238180492,exp1,arx
9,5,race,0.993137059876666,0.9931370598768041,0.9795046130747926,0.995170578724235,exp1,arx
9,5,workclass,0.9675916716398116,0.9772466774654959,0.9309093354906158,0.9889654003742705,exp1,arx
9,5,marital-status,0.9659008023340627,0.956573392569017,0.9220289868351761,0.9711437493351022,exp1,arx
9,5,occupation,0.9600822226642796,0.9655042258981141,0.9531957655930235,0.9556478090544553,exp1,arx
9,5,education,0.885706076078066,0.9102225758680901,0.8250269454771328,0.8913804013020815,exp1,arx
9,5,native-country,0.8960612691466083,0.9122629467542076,0.4621015448839756,0.9032810881721305,exp1,arx
9,5,age,0.49089085604402893,0.649910014540956,0.4343291531612792,0.0,exp1,arx
9,6,sex,0.9830913069425105,0.9830913069425105,0.981400693905283,0.9830913069425105,exp1,arx
9,6,salary-class,0.9756315894171474,0.9756315894171474,0.9699486627347168,0.9756315894171474,exp1,arx
9,6,race,0.9930044426762151,0.9930044426763527,0.9791970380841672,0.9951238971477557,exp1,arx
9,6,workclass,0.9642928187785956,0.9743385717127512,0.9245893720990196,0.9869559714349373,exp1,arx
9,6,marital-status,0.963762349976792,0.9545344031120894,0.9190689569571475,0.9693064412167786,exp1,arx
9,6,occupation,0.951959419136662,0.9579424951416429,0.9439084729224667,0.947391211758043,exp1,arx
9,6,education,0.8659129589107686,0.8940609597064739,0.7964104311663243,0.8694044137313051,exp1,arx
9,6,native-country,0.888767323121809,0.9061948809760754,0.4434423670289376,0.8944944994789439,exp1,arx
9,6,age,0.4509150586831112,0.6098073768652188,0.39541218415317525,0.0,exp1,arx
9,7,sex,0.9854784165506266,0.9854784165506265,0.9840270457965378,0.9854784165506266,exp1,arx
9,7,salary-class,0.974106491611962,0.9741064916119622,0.9680240729496642,0.974106491611962,exp1,arx
9,7,race,0.9941316888800478,0.9941316888801854,0.9825351514362468,0.9959471904056629,exp1,arx
9,7,workclass,0.9588555135601088,0.9702795381132362,0.9128632852948101,0.9850542838702794,exp1,arx
9,7,marital-status,0.9554737749486109,0.9430519638397328,0.8977906187181869,0.9626568376523007,exp1,arx
9,7,occupation,0.9442510443604536,0.9511458636185414,0.934881941201052,0.9378881612183814,exp1,arx
9,7,education,0.8530159361669196,0.8824547443803461,0.7800483349686438,0.8537251575320519,exp1,arx
9,7,native-country,0.8883860486705125,0.9056884490418535,0.4380847335631547,0.8949933777233778,exp1,arx
9,7,age,0.4213911544327299,0.5831365843301013,0.3655933790122289,0.0,exp1,arx
9,8,sex,0.9851137192493866,0.9851137192493866,0.9836284283294476,0.9851137192493866,exp1,arx
9,8,salary-class,0.9679066374908826,0.9679066374908825,0.9605337698217257,0.9679066374908826,exp1,arx
9,8,race,0.9932696770771169,0.9932696770772547,0.9801327817837804,0.9953360861317524,exp1,arx
9,8,workclass,0.9557887407996817,0.9675750944897553,0.9072285572369555,0.9830113818825034,exp1,arx
9,8,marital-status,0.9534347854916783,0.9409742943660042,0.8946859679877763,0.9607143974618114,exp1,arx
9,8,occupation,0.9385650818911213,0.9458462762620637,0.9282216337136034,0.9316697602835059,exp1,arx
9,8,education,0.8451252127400917,0.877147846075636,0.7696149966826503,0.8502202852755857,exp1,arx
9,8,native-country,0.8823022345998276,0.898401133877076,0.4204794376429929,0.8914162020737066,exp1,arx
9,8,age,0.3929696306610967,0.5494501409559812,0.3381465344557387,0.0,exp1,arx
9,9,sex,0.9896558583648299,0.9896558583648298,0.9886235007246064,0.9896558583648299,exp1,arx
9,9,salary-class,0.9669451627876136,0.9669451627876136,0.9592949507375353,0.9669451627876136,exp1,arx
9,9,race,0.9937669915788078,0.9937669915789453,0.9815615087392543,0.995813511345745,exp1,arx
9,9,workclass,0.9517273390358729,0.963762349976792,0.8993821276466583,0.9809601116326165,exp1,arx
9,9,marital-status,0.9560208209004708,0.943825564175695,0.8984804872677132,0.9634440766212554,exp1,arx
9,9,occupation,0.9287016776075857,0.9370297827628613,0.9180505738807466,0.9215164635995479,exp1,arx
9,9,education,0.8292111486859846,0.8630860022544924,0.7493359936595516,0.8313336076168917,exp1,arx
9,9,native-country,0.8763013062794245,0.8950765864332715,0.40741528968304797,0.881982976340586,exp1,arx
9,9,age,0.37014289503348585,0.5277829686025183,0.31721220543962403,0.0,exp1,arx
9,10,sex,0.9886612293614482,0.9886612293614483,0.9875339727031908,0.9886612293614482,exp1,arx
9,10,salary-class,0.9643259730787083,0.9643259730787084,0.9559661150509116,0.9643259730787083,exp1,arx
9,10,race,0.9934686028777933,0.9934686028779315,0.9805677287143757,0.9955588845649489,exp1,arx
9,10,workclass,0.9450135932630462,0.9585334432161565,0.8855780057312576,0.977342930335264,exp1,arx
9,10,marital-status,0.9508819043829985,0.9373273213536091,0.8877045878561471,0.9588795924880631,exp1,arx
9,10,occupation,0.9194847821762483,0.927670068807967,0.9069728794667791,0.9115146184505655,exp1,arx
9,10,education,0.8291337886523878,0.8643613376654953,0.7463078027581549,0.8309970621045409,exp1,arx
9,10,native-country,0.8754227173264373,0.8928975200583629,0.40889824216765325,0.8824011603843392,exp1,arx
9,10,age,0.35319275910085535,0.5137074611910302,0.30047577230157974,0.0,exp1,arx
9,2,sex,0.8212320137921889,0.8212320137921889,0.8033382893289309,0.8212320137921889,exp2,arx
9,2,salary-class,0.8516676612956701,0.85166766129567,0.816775445967448,0.8516676612956701,exp2,arx
9,2,race,0.870333532259134,0.8703335322591719,0.6942150192184569,0.8817470792186353,exp2,arx
9,2,workclass,0.8708474239108812,0.8950382221717014,0.749778843935683,0.9331124809491282,exp2,arx
9,2,marital-status,0.8739307738213646,0.8576796410495426,0.7963795612833144,0.8793722113404965,exp2,arx
9,2,occupation,0.9324315363702672,0.9445073526036651,0.9208711048597008,0.9291541005147574,exp2,arx
9,2,education,0.9523904250381279,0.9634904847158676,0.9162653542569543,0.9551831835633405,exp2,arx
9,2,native-country,0.9861249254028247,0.9908676480339659,0.8966218508462338,0.9868731727471068,exp2,arx
9,2,age,0.9888601551621246,0.9972833567422835,0.9850686365390059,0.998870852951749,exp2,arx
9,3,sex,0.6942510443604535,0.6942510443604535,0.6641651208451449,0.6942510443604535,exp2,arx
9,3,salary-class,0.7445461176314567,0.7445461176314567,0.6860427379822498,0.7445461176314567,exp2,arx
9,3,race,0.7942775678005437,0.7942775678004513,0.5624112497336267,0.8059786368130912,exp2,arx
9,3,workclass,0.7878124792785625,0.8212888497352392,0.6056414529627139,0.880085942051877,exp2,arx
9,3,marital-status,0.8044559379351501,0.7825022655439513,0.7016218314193938,0.8129662889004312,exp2,arx
9,3,occupation,0.8852198130097474,0.9005013950309874,0.8680860361931972,0.8786091060768684,exp2,arx
9,3,education,0.9236456468403961,0.9401962734566673,0.8669119643916642,0.9256335774374262,exp2,arx
9,3,native-country,0.9779358132749818,0.985119521251923,0.8352493111564634,0.9792743966207071,exp2,arx
9,3,age,0.9824613752403687,0.9951685142653965,0.9775764522174953,0.9974147797863588,exp2,arx
9,4,sex,0.6017173927458391,0.6017173927458392,0.5635683147300927,0.6017173927458391,exp2,arx
9,4,salary-class,0.6699157880777137,0.6699157880777136,0.5968739584791913,0.6699157880777137,exp2,arx
9,4,race,0.7509448975532127,0.7509448975530735,0.4986552045864884,0.7624077508392074,exp2,arx
9,4,workclass,0.7397221669650553,0.7766584254549244,0.5253312211918622,0.8465532697415148,exp2,arx
9,4,marital-status,0.7550891850673033,0.7298919169817368,0.6407693772203599,0.764643082872859,exp2,arx
9,4,occupation,0.8476228366819176,0.8666508546159019,0.8262493439133805,0.8400017633793744,exp2,arx
9,4,education,0.9003823795946312,0.9216254448201932,0.8258645677078482,0.8996262834805384,exp2,arx
9,4,native-country,0.9733107884092567,0.9812611895763053,0.8058307954224602,0.9755439149909565,exp2,arx
9,4,age,0.9773473244479809,0.9939414702693056,0.9714081011982553,0.0,exp2,arx
9,5,sex,0.5499303759697634,0.5499303759697634,0.5081259169594503,0.5499303759697634,exp2,arx
9,5,salary-class,0.611365294078642,0.611365294078642,0.5272385566889182,0.611365294078642,exp2,arx
9,5,race,0.7138452357270738,0.7138452357269061,0.44797034431490945,0.7247590594086717,exp2,arx
9,5,workclass,0.7035010940919038,0.7430731194407343,0.4687693330276661,0.8194181338147873,exp2,arx
9,5,marital-status,0.7239738744115112,0.6969917998365387,0.6034294525038433,0.734969555504102,exp2,arx
9,5,occupation,0.8079371394469863,0.8304973655083671,0.7821610232657596,0.7988272105080345,exp2,arx
9,5,education,0.8846782927745694,0.9090378622107287,0.8028540453959152,0.8846389416874396,exp2,arx
9,5,native-country,0.9702771699489424,0.9782507791260703,0.7861508909558867,0.9731680731704849,exp2,arx
9,5,age,0.9744629003381738,0.99310491025232,0.9687823371867826,0.9967540795953219,exp2,arx
9,6,sex,0.4987401365957165,0.4987401365957165,0.4536481082549597,0.4987401365957165,exp2,arx
9,6,salary-class,0.5728068430475433,0.5728068430475433,0.4859039853684811,0.5728068430475433,exp2,arx
9,6,race,0.6914329288508719,0.6914329288506882,0.41671463412827736,0.7022988554526204,exp2,arx
9,6,workclass,0.6706783369803063,0.7101366904430362,0.4223330398211146,0.7904440722892323,exp2,arx
9,6,marital-status,0.6930243352562828,0.6657493976969737,0.5717967340042021,0.7035363174988579,exp2,arx
9,6,occupation,0.7738710960811617,0.7990568876783901,0.7453596902472772,0.7609220198799693,exp2,arx
9,6,education,0.8749640828415407,0.9020356740269213,0.78580994898007,0.8721896536353018,exp2,arx
9,6,native-country,0.9685863006431934,0.9768035939261498,0.7775771027493632,0.9724240137013725,exp2,arx
9,6,age,0.9716696505536768,0.9925339195281564,0.9651692541416982,0.9966321149327322,exp2,arx
9,7,sex,0.4611100059677741,0.46111000596777396,0.4128793543935285,0.4611100059677741,exp2,arx
9,7,salary-class,0.5399509316358332,0.5399509316358331,0.4459876178065909,0.5399509316358332,exp2,arx
9,7,race,0.6730654465884225,0.6730654465882345,0.3972222346109451,0.683312185164595,exp2,arx
9,7,workclass,0.6558417876798621,0.6979359080015535,0.400496263502648,0.7818456829704821,exp2,arx
9,7,marital-status,0.6701478681785027,0.6423093075172717,0.5471354461416634,0.6809066389652001,exp2,arx
9,7,occupation,0.7513427491545653,0.7785037719392648,0.721115714985564,0.7396974737812863,exp2,arx
9,7,education,0.8627964547001705,0.8941626328934863,0.7668769348516653,0.8591218830497105,exp2,arx
9,7,native-country,0.9652874477819773,0.973919998673846,0.753221970657849,0.9699837942036125,exp2,arx
9,7,age,0.9690007293946025,0.9909019912003859,0.9628053050761725,0.9954291275987219,exp2,arx
9,8,sex,0.4351833432796234,0.43518334327962327,0.38674307477908876,0.4351833432796234,exp2,arx
9,8,salary-class,0.5121013195411445,0.5121013195411446,0.41278307906499734,0.5121013195411445,exp2,arx
9,8,race,0.6467409322989192,0.6467409322987199,0.37482541384415546,0.6564151095531725,exp2,arx
9,8,workclass,0.6340428353557457,0.673728532590677,0.3725363911655054,0.7605735606850678,exp2,arx
9,8,marital-status,0.6527087063192096,0.6249254028248288,0.5305846677579094,0.662915287329708,exp2,arx
9,8,occupation,0.7239572972614547,0.7526995251284043,0.6926183247163393,0.7094423632696609,exp2,arx
9,8,education,0.8537121764692854,0.8880511902393741,0.754810075582298,0.8515182711944552,exp2,arx
9,8,native-country,0.9636960413765665,0.9724860751939707,0.7461619371081177,0.9678879551922699,exp2,arx
9,8,age,0.9679066374908826,0.991270037420829,0.9607074203704246,0.9956038337370261,exp2,arx
9,9,sex,0.4070021881838074,0.4070021881838075,0.35891273095421217,0.4070021881838074,exp2,arx
9,9,salary-class,0.4772229958225582,0.4772229958225582,0.3761307534747439,0.4772229958225582,exp2,arx
9,9,race,0.6468403951992574,0.6468403951990558,0.3703752048967912,0.656769465156447,exp2,arx
9,9,workclass,0.6188747430541741,0.6590932772552028,0.355331336641174,0.7462136229030966,exp2,arx
9,9,marital-status,0.6330813606524766,0.6055964458591083,0.5113499329204241,0.6437837533401336,exp2,arx
9,9,occupation,0.7002851269809695,0.7301061447669389,0.6659970335337693,0.6843028305438639,exp2,arx
9,9,education,0.8428486174656838,0.8802754017196031,0.7386131687454918,0.8370987336001289,exp2,arx
9,9,native-country,0.9650056362310192,0.9735188316424818,0.7540698416167314,0.9693165069023336,exp2,arx
9,9,age,0.9656604336582455,0.990803867867729,0.9581254049777996,0.9957986952877667,exp2,arx
9,10,sex,0.3967575094489756,0.3967575094489755,0.3485973183051443,0.3967575094489756,exp2,arx
9,10,salary-class,0.46323188117498837,0.4632318811749885,0.3606012496220439,0.46323188117498837,exp2,arx
9,10,race,0.6299317021417679,0.6299317021415617,0.3502864159814105,0.6398410280131896,exp2,arx
9,10,workclass,0.6053975200583516,0.6475129538586869,0.3404765221960915,0.7354290251079244,exp2,arx
9,10,marital-status,0.6288541873881042,0.600103883473762,0.5053009668241122,0.6380265208167761,exp2,arx
9,10,occupation,0.6711093428817718,0.7018994863633127,0.6360254807577806,0.6526949662984782,exp2,arx
9,10,education,0.8388701014521582,0.8767035784541255,0.7323802266146724,0.8333326093571236,exp2,arx
9,10,native-country,0.959966182613885,0.9690272528347109,0.723645643614814,0.9655496868798489,exp2,arx
9,10,age,0.9645580531794974,0.9897235065327428,0.9567199915237167,0.0,exp2,arx
9,2,sex,0.9620714806710431,0.9620714806710431,0.9582750376469393,0.9620714806710431,exp3,arx
9,2,salary-class,0.9401233339964193,0.9401233339964192,0.926038546137061,0.9401233339964193,exp3,arx
9,2,race,0.926795305351104,0.9267953053512512,0.8077151238102971,0.937115672702736,exp3,arx
9,2,workclass,0.8297526689211591,0.8562382183826385,0.6788766506643911,0.9044762880062929,exp3,arx
9,2,marital-status,0.7785126980969432,0.760194947284774,0.6929090378802045,0.7809448119199744,exp3,arx
9,2,occupation,0.8777766726344407,0.8964642214095684,0.8619571964465063,0.8741814595590627,exp3,arx
9,2,education,0.9464447538845795,0.9578233096832659,0.9107315991030216,0.9504947136291417,exp3,arx
9,2,native-country,0.9893243153637027,0.993570552350655,0.9182367229454752,0.9896951078837476,exp3,arx
9,2,age,0.9931039055765533,0.9983000886124072,0.9907032950796013,0.9992548934699882,exp3,arx
9,3,sex,0.9517936476360984,0.9517936476360984,0.9470425878149915,0.9517936476360984,exp3,arx
9,3,salary-class,0.9009681055632915,0.9009681055632917,0.8779229812224107,0.9009681055632915,exp3,arx
9,3,race,0.8928784563357868,0.8928784563358819,0.7320583988118635,0.9050539172208336,exp3,arx
9,3,workclass,0.7304223857834361,0.764495533642142,0.519835024067909,0.8324653004781416,exp3,arx
9,3,marital-status,0.6559578277302567,0.633755498088194,0.5574855299832926,0.6569778283969236,exp3,arx
9,3,occupation,0.7780651150454214,0.8025406395210064,0.7545870561911542,0.7721098798662249,exp3,arx
9,3,education,0.916561678049643,0.9333421744800301,0.8608065147371765,0.9177730574528904,exp3,arx
9,3,native-country,0.9796266825807307,0.9867490551024631,0.8464803726532089,0.9809692781966588,exp3,arx
9,3,age,0.9888601551621246,0.997400234022479,0.985197650442378,0.9988820738338928,exp3,arx
9,4,sex,0.946555268218288,0.9465552682182878,0.9412857334107235,0.946555268218288,exp3,arx
9,4,salary-class,0.8745109740733373,0.8745109740733372,0.8454308704485145,0.8745109740733373,exp3,arx
9,4,race,0.8652277700417744,0.865227770041803,0.6753581055822256,0.8785302942212452,exp3,arx
9,4,workclass,0.6645945229096214,0.7021701857588072,0.4239999379443914,0.7793299741734511,exp3,arx
9,4,marital-status,0.5771832106624228,0.5541078177840417,0.47959288164758185,0.575949786919818,exp3,arx
9,4,occupation,0.7145912074796101,0.7415443783058462,0.6886100939648917,0.7106202011461256,exp3,arx
9,4,education,0.8907786839953122,0.9108348252768383,0.8191820574772174,0.889983954618689,exp3,arx
9,4,native-country,0.9754989722166965,0.9836134871693027,0.8173293768809895,0.9774402287069532,exp3,arx
9,4,age,0.9860503282275711,0.9969029195207882,0.9818298325943431,0.998858133732227,exp3,arx
9,5,sex,0.9410516543995756,0.9410516543995757,0.9351882367281941,0.9410516543995756,exp3,arx
9,5,salary-class,0.862144420131291,0.8621444201312911,0.8301972461479005,0.862144420131291,exp3,arx
9,5,race,0.8502751806909357,0.8502751806909341,0.6487650484619935,0.863341806746761,exp3,arx
9,5,workclass,0.625687951727339,0.6642369301012627,0.3700214871912796,0.7475232559234221,exp3,arx
9,5,marital-status,0.5243021019826272,0.5020666180403788,0.4296720355734759,0.5234588451742501,exp3,arx
9,5,occupation,0.6543995756249585,0.6825603280744663,0.6265066123594469,0.6483789530717109,exp3,arx
9,5,education,0.8709855668280152,0.8955241694847822,0.7885451160877495,0.8689578238350757,exp3,arx
9,5,native-country,0.9687686492938135,0.9774343544857945,0.773649762654598,0.9717422300466416,exp3,arx
9,5,age,0.9849396591737949,0.9963972327210892,0.9807428609791089,0.9984376225723216,exp3,arx
9,6,sex,0.9323320734699291,0.932332073469929,0.9256434711012507,0.9323320734699291,exp3,arx
9,6,salary-class,0.8513361182945428,0.8513361182945427,0.8167911858826862,0.8513361182945428,exp3,arx
9,6,race,0.8393342616537365,0.8393342616537176,0.6283481733710854,0.8523249546976519,exp3,arx
9,6,workclass,0.5895497646044692,0.627601428476702,0.32754078282254095,0.7123096089615719,exp3,arx
9,6,marital-status,0.48455009614747035,0.46376234997676236,0.39365998242803735,0.48207811062647454,exp3,arx
9,6,occupation,0.6104038193753729,0.6420024177134678,0.5816418102138328,0.6052902803311029,exp3,arx
9,6,education,0.8556903830426783,0.8818712286983622,0.7656875477097201,0.8519224567698291,exp3,arx
9,6,native-country,0.967011471387839,0.9759175452556375,0.7629332779442034,0.9702277186442846,exp3,arx
9,6,age,0.9821961408394668,0.9951222991803911,0.9777346777253634,0.9976683650635315,exp3,arx
9,7,sex,0.9312379815662092,0.9312379815662091,0.9245832078965579,0.9312379815662092,exp3,arx
9,7,salary-class,0.8367150719448313,0.8367150719448313,0.7988208087579295,0.8367150719448313,exp3,arx
9,7,race,0.8368808434453949,0.8368808434453704,0.624387116752275,0.8499760226448083,exp3,arx
9,7,workclass,0.5666401432265764,0.6048196879706726,0.30436874983488416,0.6897571425732196,exp3,arx
9,7,marital-status,0.4537497513427492,0.4322547134362633,0.36660016882280566,0.4491542500265959,exp3,arx
9,7,occupation,0.5653637026722366,0.5991160553522537,0.5365209123973702,0.5626204101919061,exp3,arx
9,7,education,0.8392016444532847,0.868958733947793,0.7417799049239002,0.8340137675453049,exp3,arx
9,7,native-country,0.9627179895232412,0.971624892248543,0.7359332049511635,0.9671705482115671,exp3,arx
9,7,age,0.9837461043697368,0.9957428539087633,0.9789313643160182,0.9980380104441441,exp3,arx
9,8,sex,0.9261653736489622,0.9261653736489623,0.918789392969928,0.9261653736489622,exp3,arx
9,8,salary-class,0.8226908029971487,0.8226908029971487,0.7821937631602796,0.8226908029971487,exp3,arx
9,8,race,0.8305152178237517,0.8305152178237186,0.6127904747918684,0.8437546416340249,exp3,arx
9,8,workclass,0.5440454876997547,0.5819337482357176,0.28062518492652,0.668100080230713,exp3,arx
9,8,marital-status,0.4319673761686891,0.4115332758657959,0.3476414332407337,0.4265470997941163,exp3,arx
9,8,occupation,0.5299383330017904,0.5618480716947645,0.5011798111895271,0.5281292784614231,exp3,arx
9,8,education,0.825055809738523,0.8572795791614172,0.7219985513642899,0.8183620224420214,exp3,arx
9,8,native-country,0.963580001326172,0.9724338571712933,0.7416409884469042,0.9685507570747676,exp3,arx
9,8,age,0.9804721172336052,0.9954746054805785,0.9757466648688152,0.9982703193305456,exp3,arx
9,9,sex,0.9178436443206683,0.9178436443206683,0.9096467751430847,0.9178436443206683,exp3,arx
9,9,salary-class,0.8113520323585969,0.811352032358597,0.7680382006572481,0.8113520323585969,exp3,arx
9,9,race,0.812180889861415,0.8121808898613501,0.5836813078152987,0.8249653071011165,exp3,arx
9,9,workclass,0.5235892845302036,0.5619606505820948,0.26081167681837814,0.6479838241493401,exp3,arx
9,9,marital-status,0.42208739473509715,0.40052604822836146,0.3363685346239925,0.4192842258086722,exp3,arx
9,9,occupation,0.501740600755918,0.536398320862081,0.47341021064692257,0.5037071851665664,exp3,arx
9,9,education,0.8146011537696449,0.8481908803571824,0.7087206339311856,0.807633108714543,exp3,arx
9,9,native-country,0.961292354618394,0.9710239705589997,0.7256447744746346,0.9664637155514691,exp3,arx
9,9,age,0.9803643657582388,0.9954139900429988,0.9753979995613594,0.9980546475384403,exp3,arx
9,10,sex,0.9169484782176248,0.9169484782176249,0.908672026446117,0.9169484782176248,exp3,arx
9,10,salary-class,0.8138054505669385,0.8138054505669385,0.7711115418653826,0.8138054505669385,exp3,arx
9,10,race,0.794973808102911,0.7949738081028216,0.5508093492254507,0.8079689694829804,exp3,arx
9,10,workclass,0.5095981698826337,0.5495041063968853,0.2476268184400161,0.6369147054424038,exp3,arx
9,10,marital-status,0.3923314103839268,0.3731737506353541,0.30958913396884047,0.39129281159456564,exp3,arx
9,10,occupation,0.472912936807904,0.5059830760048217,0.44414602699716565,0.472592071689904,exp3,arx
9,10,education,0.8091638485511592,0.8446367393850982,0.7015443775493773,0.8048793100630831,exp3,arx
9,10,native-country,0.9587560506597705,0.9675071281745428,0.7126611281740343,0.9653983744192276,exp3,arx
9,10,age,0.9775711159737418,0.9944756228822327,0.972076048185251,0.9974935812336595,exp3,arx
9,2,sex,0.9771566872223327,0.9771566872223327,0.9748702313134998,0.9771566872223327,exp4,arx
9,2,salary-class,0.9619720177707048,0.961972017770705,0.9530267214471326,0.9619720177707048,exp4,arx
9,2,race,0.964127047278032,0.9641270472781739,0.8991826537212064,0.9708452335988524,exp4,arx
9,2,workclass,0.8779755984351171,0.9021521877101746,0.7606107102980575,0.9392139900605967,exp4,arx
9,2,marital-status,0.784729129368079,0.7660964127048396,0.6988649276962087,0.7875894091953016,exp4,arx
9,2,occupation,0.8174524235793382,0.8419177467318109,0.7970183669877069,0.8122900431992395,exp4,arx
9,2,education,0.9355369891474937,0.9494617951948368,0.8949083070225052,0.9401664690211614,exp4,arx
9,2,native-country,0.9877163318082355,0.992391916981648,0.906937437413653,0.9881007690283004,exp4,arx
9,2,age,0.9929547112260461,0.9982876976113547,0.9905339525457528,0.9992891443525755,exp4,arx
9,3,sex,0.972912936807904,0.9729129368079039,0.9702506648121023,0.972912936807904,exp4,arx
9,3,salary-class,0.9472846628207678,0.9472846628207678,0.9349172124394693,0.9472846628207678,exp4,arx
9,3,race,0.9510974073337312,0.9510974073338754,0.8623282054112111,0.9604967768493331,exp4,arx
9,3,workclass,0.8049200981367284,0.8371602868320593,0.6307189831544406,0.8936184679176521,exp4,arx
9,3,marital-status,0.6625058020025197,0.6396514377915727,0.5645710871364575,0.662468476023004,exp4,arx
9,3,occupation,0.6902559511968702,0.7229958225581409,0.6635532519061262,0.6871196157823876,exp4,arx
9,3,education,0.8937957253055702,0.9149570099241872,0.8302179317677529,0.8968234612971626,exp4,arx
9,3,native-country,0.9764936012200782,0.984172137126202,0.8273593623175519,0.9781820779697097,exp4,arx
9,3,age,0.9888021351369273,0.9974628588115808,0.9853458767447346,0.9990816079774945,exp4,arx
9,4,sex,0.9722830051057623,0.9722830051057623,0.9695239149975782,0.9722830051057623,exp4,arx
9,4,salary-class,0.9365758238843578,0.9365758238843578,0.9218401268403567,0.9365758238843578,exp4,arx
9,4,race,0.9410185000994629,0.9410185000996075,0.8337786315026354,0.9523253790756199,exp4,arx
9,4,workclass,0.7544758305152178,0.789962772457302,0.5459763908487032,0.8578922649015213,exp4,arx
9,4,marital-status,0.5936111663682779,0.5695798245033153,0.49553415622899466,0.5922452581054951,exp4,arx
9,4,occupation,0.6070718122140442,0.639332221389004,0.5791368384891937,0.6031429393187738,exp4,arx
9,4,education,0.8601883164246371,0.8862475963132418,0.7785657648830678,0.8626964638726563,exp4,arx
9,4,native-country,0.9699953583979842,0.9790241031761994,0.7829573071892437,0.9729104107805026,exp4,arx
9,4,age,0.9856276109011339,0.9963031280914763,0.98168801441385,0.9983679332360398,exp4,arx
9,5,sex,0.970260592798886,0.9702605927988861,0.9672993539635015,0.970260592798886,exp4,arx
9,5,salary-class,0.9396260194947285,0.9396260194947286,0.9255155266733702,0.9396260194947285,exp4,arx
9,5,race,0.9298455009614747,0.9298455009616202,0.8033266118806217,0.9430569642546438,exp4,arx
9,5,workclass,0.7243883031629202,0.7604933359856774,0.49948132356741815,0.8340134289686222,exp4,arx
9,5,marital-status,0.5434155559976128,0.5199920429680189,0.4506291824563533,0.5394213981314026,exp4,arx
9,5,occupation,0.5333863802135137,0.5645259190115597,0.5066401453079208,0.5303662105226109,exp4,arx
9,5,education,0.833675927767831,0.8632959794885396,0.7430695840058703,0.8355475628582002,exp4,arx
9,5,native-country,0.965270870631921,0.9752097009482309,0.7497308695105555,0.9683411341699918,exp4,arx
9,5,age,0.9834891585438631,0.9956169345467192,0.979140567774625,0.9978658570287805,exp4,arx
9,6,sex,0.9685034148929116,0.9685034148929117,0.9653641795239271,0.9685034148929116,exp4,arx
9,6,salary-class,0.9308069756647437,0.9308069756647437,0.9146989529419999,0.9308069756647437,exp4,arx
9,6,race,0.9236124925402824,0.9236124925404277,0.7897025959298088,0.9367719265486613,exp4,arx
9,6,workclass,0.710927657317154,0.7468906002822853,0.4777126027856614,0.8231744374697304,exp4,arx
9,6,marital-status,0.5066142828724886,0.4831134098092408,0.41459815920769816,0.5024975125000782,exp4,arx
9,6,occupation,0.48740136595716466,0.5222465353755047,0.46095001115358136,0.4884635526192761,exp4,arx
9,6,education,0.808279733881486,0.8417081095418075,0.7088667602589759,0.8091737300888443,exp4,arx
9,6,native-country,0.9616902062197467,0.9713430806975848,0.7299901886624492,0.9663535519327096,exp4,arx
9,6,age,0.9824365095152842,0.9951608117512288,0.9778528701408982,0.9972884976923606,exp4,arx
9,7,sex,0.9631324182746502,0.9631324182746501,0.9594482265595172,0.9631324182746502,exp4,arx
9,7,salary-class,0.9289834891585439,0.9289834891585438,0.9123184960431835,0.9289834891585439,exp4,arx
9,7,race,0.9232809495391552,0.9232809495393002,0.7902349900026757,0.9361926506223502,exp4,arx
9,7,workclass,0.688780584841854,0.7260223365256189,0.4467891898658384,0.8056920918877021,exp4,arx
9,7,marital-status,0.4812346661361979,0.4575403929889269,0.39210820466395824,0.4738052178048674,exp4,arx
9,7,occupation,0.4412008487500829,0.4756825960325878,0.4159399419436961,0.4440171488644157,exp4,arx
9,7,education,0.7918130981588338,0.8280441173220167,0.687665903081337,0.792177457738923,exp4,arx
9,7,native-country,0.9597175253630396,0.9694673761687073,0.7177444517120063,0.9647749445460309,exp4,arx
9,7,age,0.9792454081294344,0.9944230448507408,0.9735715356849484,0.9969752452911473,exp4,arx
9,8,sex,0.9685697234931371,0.968569723493137,0.9654454813343363,0.9685697234931371,exp4,arx
9,8,salary-class,0.9164511637159339,0.916451163715934,0.896950372988381,0.9164511637159339,exp4,arx
9,8,race,0.9095219149923746,0.9095219149925181,0.7580787218116478,0.9232024410220719,exp4,arx
9,8,workclass,0.6614448643989126,0.6976564646148891,0.4078733214419744,0.7822170246016446,exp4,arx
9,8,marital-status,0.446969696969697,0.42365669827368757,0.3638803367122736,0.43743202398012504,exp4,arx
9,8,occupation,0.41126251574829253,0.44642010068697446,0.3857077060356686,0.4150803066431408,exp4,arx
9,8,education,0.7832371858630098,0.8214508321729328,0.6740702481769518,0.7854506844988213,exp4,arx
9,8,native-country,0.9584742391088125,0.9690115045421575,0.7089103000393465,0.9626662993390378,exp4,arx
9,8,age,0.9769246071215436,0.9928172380927561,0.9715652093756678,0.9958023356926561,exp4,arx
9,9,sex,0.9590875936608978,0.9590875936608978,0.9551157051451334,0.9590875936608978,exp4,arx
9,9,salary-class,0.9124394934022942,0.9124394934022944,0.8921623295119504,0.9124394934022942,exp4,arx
9,9,race,0.9124063391021815,0.912406339102328,0.7637347810030497,0.9260012137209884,exp4,arx
9,9,workclass,0.6520787746170678,0.6900593935604876,0.39585543620512287,0.7766960636741064,exp4,arx
9,9,marital-status,0.4349181088787216,0.4112514643148327,0.35153987460125047,0.42570979793365415,exp4,arx
9,9,occupation,0.37182547576420666,0.4053087685472345,0.348197246228959,0.3774350011607729,exp4,arx
9,9,education,0.7656764582366371,0.8054461463651835,0.6544807621057042,0.7670803053028361,exp4,arx
9,9,native-country,0.9552914262979908,0.965537762747847,0.6909239458083838,0.9616025616898388,exp4,arx
9,9,age,0.9757807837676546,0.9940101231129733,0.9703333650203594,0.9973445688066935,exp4,arx
9,10,sex,0.955937935150189,0.9559379351501889,0.9516273987753937,0.955937935150189,exp4,arx
9,10,salary-class,0.9079968171871892,0.9079968171871893,0.8866737271434076,0.9079968171871892,exp4,arx
9,10,race,0.90812943438764,0.90812943438778,0.7539531849140184,0.9219675011352111,exp4,arx
9,10,workclass,0.644718519992043,0.6830969905368155,0.38734111590995357,0.7706343038076638,exp4,arx
9,10,marital-status,0.4204296797294609,0.3979842185530499,0.339558687738979,0.41021408143980875,exp4,arx
9,10,occupation,0.34865061998541214,0.3827893477783767,0.3259939678440439,0.35616317089741434,exp4,arx
9,10,education,0.7457396724355188,0.7898923590389674,0.6283899563668977,0.7447781147369907,exp4,arx
9,10,native-country,0.9556063921490617,0.9659629666467927,0.6922301008183482,0.9616308393299807,exp4,arx
9,10,age,0.9749602148398647,0.9937713451737775,0.9689404077122133,0.9970655006952951,exp4,arx
9,2,sex,1.0,1.0,1.0,1.0,exp1,prioprivacy
9,2,salary-class,1.0,1.0,1.0,1.0,exp1,prioprivacy
9,2,race,1.0,1.0,1.0,1.0,exp1,prioprivacy
9,2,workclass,0.9966845699887276,0.9966845699887276,0.9939570503535204,0.9979560519794601,exp1,prioprivacy
9,2,marital-status,0.9996684569988727,0.9996684569987925,0.999604469914927,0.9997496855424627,exp1,prioprivacy
9,2,occupation,0.9772893044227836,0.9773454116998999,0.9757164478345085,0.9760585697926714,exp1,prioprivacy
9,2,education,0.9215679773666645,0.9239374046813872,0.8983101063879945,0.9299521989536268,exp1,prioprivacy
9,2,native-country,0.933426165373649,0.9346570187653525,0.6074250239893212,0.9564159441079549,exp1,prioprivacy
9,2,age,0.677160002652344,0.7663693496196949,0.6365597226419576,0.0,exp1,prioprivacy
9,3,sex,1.0,1.0,1.0,1.0,exp1,prioprivacy
9,3,salary-class,1.0,1.0,1.0,1.0,exp1,prioprivacy
9,3,race,1.0,1.0,1.0,1.0,exp1,prioprivacy
9,3,workclass,0.9938333001790333,0.9938333001790333,0.9885648634500677,0.9961192184461601,exp1,prioprivacy
9,3,marital-status,0.9993369139977455,0.9993369139976661,0.9991386448174596,0.9995444276872821,exp1,prioprivacy
9,3,occupation,0.9597175253630396,0.9597251763553941,0.9574399351467583,0.9582114640279495,exp1,prioprivacy
9,3,education,0.8701567093251998,0.8725990761001702,0.8351776727030403,0.8825522354006577,exp1,prioprivacy
9,3,native-country,0.916865592467343,0.9173935746966567,0.5241034493840571,0.9465899300354844,exp1,prioprivacy
9,3,age,0.5696903388369472,0.6749796888049596,0.5208276554855233,0.0,exp1,prioprivacy
9,4,sex,1.0,1.0,1.0,1.0,exp1,prioprivacy
9,4,salary-class,1.0,1.0,1.0,1.0,exp1,prioprivacy
9,4,race,1.0,1.0,1.0,1.0,exp1,prioprivacy
9,4,workclass,0.9913798819706916,0.9913798819706916,0.9839057698976175,0.9947217186736723,exp1,prioprivacy
9,4,marital-status,0.998441747894702,0.998441747894625,0.9979047047906074,0.9989399182723296,exp1,prioprivacy
9,4,occupation,0.9474172800212187,0.9474172800212498,0.9447889379430675,0.9458653197671628,exp1,prioprivacy
9,4,education,0.8344384766704239,0.8365625621643127,0.7928584556906579,0.8492185090516677,exp1,prioprivacy
9,4,native-country,0.9073503083349911,0.9077456733638538,0.4849974019414579,0.9402752621331824,exp1,prioprivacy
9,4,age,0.5063739141966713,0.619760699629363,0.4545202636505613,0.0,exp1,prioprivacy
9,5,sex,1.0,1.0,1.0,1.0,exp1,prioprivacy
9,5,salary-class,1.0,1.0,1.0,1.0,exp1,prioprivacy
9,5,race,0.9998673827995491,0.9998673827996857,1.0,0.9999236119657612,exp1,prioprivacy
9,5,workclass,0.98819706915987,0.98819706915987,0.9776131837889903,0.9923974338724237,exp1,prioprivacy
9,5,marital-status,0.9980438962933492,0.9980438962932734,0.9973381330469807,0.9986195157666818,exp1,prioprivacy
9,5,occupation,0.9325973078708308,0.9325973078708701,0.9292922098185834,0.9313444594513401,exp1,prioprivacy
9,5,education,0.8062683730079787,0.8083305704749906,0.7585206155025079,0.822231571857845,exp1,prioprivacy
9,5,native-country,0.9037033353225914,0.9037903653604059,0.4709542834332241,0.9381145037273072,exp1,prioprivacy
9,5,age,0.4595434652874478,0.5781366479595738,0.4068201253084952,0.0,exp1,prioprivacy
9,6,sex,1.0,1.0,1.0,1.0,exp1,prioprivacy
9,6,salary-class,1.0,1.0,1.0,1.0,exp1,prioprivacy
9,6,race,0.9998673827995491,0.9998673827996857,1.0,0.9999236119657612,exp1,prioprivacy
9,6,workclass,0.9858431138518666,0.9858431138518666,0.9739385805838124,0.9912698105530061,exp1,prioprivacy
9,6,marital-status,0.9972150387905311,0.9972150387904575,0.9961632012735688,0.9977997359182473,exp1,prioprivacy
9,6,occupation,0.9239771898415224,0.9239771898415674,0.919842864184839,0.9215939669672114,exp1,prioprivacy
9,6,education,0.7838008089649223,0.7861083482527684,0.7315704749654177,0.8009019916171829,exp1,prioprivacy
9,6,native-country,0.8987799217558518,0.8988893309462422,0.45276874041784454,0.9343142922538963,exp1,prioprivacy
9,6,age,0.4233721238644652,0.5432486123753009,0.37131481561018953,0.0,exp1,prioprivacy
9,7,sex,1.0,1.0,1.0,1.0,exp1,prioprivacy
9,7,salary-class,1.0,1.0,1.0,1.0,exp1,prioprivacy
9,7,race,0.9998673827995491,0.9998673827996857,1.0,0.9999236119657612,exp1,prioprivacy
9,7,workclass,0.9845500961474704,0.9845500961474704,0.9716922056333471,0.9905428177821386,exp1,prioprivacy
9,7,marital-status,0.9968171871891784,0.9968171871891057,0.9955427158729099,0.9974092453644892,exp1,prioprivacy
9,7,occupation,0.913434122405676,0.9134341224057265,0.9089102960198974,0.9103819316185654,exp1,prioprivacy
9,7,education,0.7627478283933421,0.7647547686934996,0.7065648925739666,0.7809351414535746,exp1,prioprivacy
9,7,native-country,0.8965585836482992,0.8966182613885206,0.4434563647079459,0.9336911007362869,exp1,prioprivacy
9,7,age,0.39645912074796097,0.5170992465601429,0.34374154321889216,0.0,exp1,prioprivacy
9,8,sex,1.0,1.0,1.0,1.0,exp1,prioprivacy
9,8,salary-class,1.0,1.0,1.0,1.0,exp1,prioprivacy
9,8,race,0.9998673827995491,0.9998673827996857,1.0,0.9999236119657612,exp1,prioprivacy
9,8,workclass,0.9818645978383397,0.9818645978383397,0.9668554702425822,0.9889329733585915,exp1,prioprivacy
9,8,marital-status,0.995656786685233,0.995656786685163,0.9936042618691752,0.9963579246428326,exp1,prioprivacy
9,8,occupation,0.9057423247795239,0.9057423247795773,0.9006500668519889,0.9023539337047569,exp1,prioprivacy
9,8,education,0.7448997634993256,0.746690095705413,0.6869143180598234,0.7635580576173364,exp1,prioprivacy
9,8,native-country,0.8944698627411976,0.894529540481419,0.4353381414658989,0.9325065168042748,exp1,prioprivacy
9,8,age,0.3718669186393475,0.4917837616266052,0.3195877908540552,0.0,exp1,prioprivacy
9,9,sex,1.0,1.0,1.0,1.0,exp1,prioprivacy
9,9,salary-class,1.0,1.0,1.0,1.0,exp1,prioprivacy
9,9,race,0.9998673827995491,0.9998673827996857,1.0,0.9999236119657612,exp1,prioprivacy
9,9,workclass,0.9796764140308998,0.9796764140308998,0.9619152778247004,0.9869873524178524,exp1,prioprivacy
9,9,marital-status,0.995656786685233,0.995656786685163,0.9936042618691752,0.9963579246428326,exp1,prioprivacy
9,9,occupation,0.8946356342417612,0.8946356342418192,0.8883517872324369,0.8906733229497782,exp1,prioprivacy
9,9,education,0.73242269522357,0.734692659637955,0.6718317687326845,0.7510053443923802,exp1,prioprivacy
9,9,native-country,0.8912538956302632,0.8912538956302818,0.4277096984958214,0.9292975138623818,exp1,prioprivacy
9,9,age,0.34938830316292024,0.47405257401278655,0.29879485841585574,0.0,exp1,prioprivacy
9,10,sex,1.0,1.0,1.0,1.0,exp1,prioprivacy
9,10,salary-class,1.0,1.0,1.0,1.0,exp1,prioprivacy
9,10,race,0.9998673827995491,0.9998673827996857,1.0,0.9999236119657612,exp1,prioprivacy
9,10,workclass,0.9778860818248126,0.9778860818248126,0.9587598373384658,0.985819979853409,exp1,prioprivacy
9,10,marital-status,0.994463231881175,0.9944632318811076,0.992072451117862,0.9956933397580711,exp1,prioprivacy
9,10,occupation,0.88634705921358,0.8863470592136401,0.8798373940156838,0.8816093396535315,exp1,prioprivacy
9,10,education,0.71136971465199,0.7134628561324403,0.6468066906278536,0.7318876148976101,exp1,prioprivacy
9,10,native-country,0.8907234268284596,0.8907234268284782,0.4265108250231662,0.9292135476895467,exp1,prioprivacy
9,10,age,0.33209004707910617,0.45680965881881197,0.2826514161146134,0.0,exp1,prioprivacy
9,2,sex,0.9999005370996619,0.9999005370996619,1.0,0.9999005370996619,exp3,prioprivacy
9,2,salary-class,0.9910814932696771,0.991081493269677,0.9894235417630937,0.9910814932696771,exp3,prioprivacy
9,2,race,0.9512631788342948,0.9512631788344391,0.8638917292133237,0.9631024575728127,exp3,prioprivacy
9,2,workclass,0.8097937802532988,0.8188022772267849,0.6490010711578409,0.873354721216578,exp3,prioprivacy
9,2,marital-status,0.7739705589814999,0.7653449152356175,0.6918032190769877,0.7912978178837164,exp3,prioprivacy
9,2,occupation,0.7965817916583781,0.8036474830786252,0.7810733824960077,0.7927204428641974,exp3,prioprivacy
9,2,education,0.9371062926861615,0.9374289945405919,0.9155992637497856,0.9429260594822991,exp3,prioprivacy
9,2,native-country,0.9706584444002387,0.9711557589019475,0.8156493964751372,0.9817382566589996,exp3,prioprivacy
9,2,age,0.9999668456998873,0.9999668456998916,1.0,0.999947158635127,exp3,prioprivacy
9,3,sex,0.9997679198992109,0.9997679198992109,0.9997484613215066,0.9997679198992109,exp3,prioprivacy
9,3,salary-class,0.9896890126649427,0.9896890126649427,0.9873671968274785,0.9896890126649427,exp3,prioprivacy
9,3,race,0.9287514090577548,0.9287514090579009,0.8091557302688668,0.9453507271716481,exp3,prioprivacy
9,3,workclass,0.7379815662091374,0.7481836179866814,0.5239716796458914,0.8203658394988248,exp3,prioprivacy
9,3,marital-status,0.7010145215834493,0.6922010034702604,0.6071102648279911,0.7240483357217504,exp3,prioprivacy
9,3,occupation,0.7024733107884092,0.7118534273894681,0.6813298665904532,0.6998187914380821,exp3,prioprivacy
9,3,education,0.9173352783856067,0.917534204186283,0.8874539817109789,0.9283892377419968,exp3,prioprivacy
9,3,native-country,0.9497215038790531,0.9499801074199509,0.6906592354457048,0.9696658278500172,exp3,prioprivacy
9,3,age,0.9999668456998873,0.9999668456998916,1.0,0.999947158635127,exp3,prioprivacy
9,4,sex,0.9997679198992109,0.9997679198992109,1.0,0.9997679198992109,exp3,prioprivacy
9,4,salary-class,0.9919766593727206,0.9919766593727206,0.9904756393975347,0.9919766593727206,exp3,prioprivacy
9,4,race,0.912107950401167,0.9121079504013136,0.7673984792857151,0.9312401597358672,exp3,prioprivacy
9,4,workclass,0.697384125721106,0.7077353718491575,0.45663356724213144,0.7876605791046587,exp3,prioprivacy
9,4,marital-status,0.6562562164312711,0.647481378334879,0.5562357805458149,0.683967984780881,exp3,prioprivacy
9,4,occupation,0.6359492076122273,0.6454555655867333,0.6128499722677888,0.6328249515337312,exp3,prioprivacy
9,4,education,0.8989456932564153,0.8991556704904626,0.8623950399260771,0.914268185196424,exp3,prioprivacy
9,4,native-country,0.9390292420926994,0.9390623963928308,0.6314542217529058,0.9635417360741886,exp3,prioprivacy
9,4,age,0.9997679198992109,0.9997679198992153,0.9999404332377492,0.9996253490626645,exp3,prioprivacy
9,5,sex,0.9995026854983091,0.9995026854983091,0.9995422796749056,0.9995026854983091,exp3,prioprivacy
9,5,salary-class,0.992772362575426,0.9927723625754261,0.9918715992550693,0.992772362575426,exp3,prioprivacy
9,5,race,0.9048140043763676,0.9048140043764983,0.7516633000243813,0.9251418483358018,exp3,prioprivacy
9,5,workclass,0.671623234533519,0.6809088067293757,0.41537728988698275,0.7653769431366129,exp3,prioprivacy
9,5,marital-status,0.6280419070353425,0.620090400725082,0.526833096573659,0.6576248912696575,exp3,prioprivacy
9,5,occupation,0.5760062330084212,0.5868617159644104,0.5516004836561004,0.575579115473263,exp3,prioprivacy
9,5,education,0.8787989302212496,0.878997856021926,0.835188957265967,0.8987548229743715,exp3,prioprivacy
9,5,native-country,0.9327299250712817,0.9327299250713005,0.5963232405529459,0.960337283557146,exp3,prioprivacy
9,5,age,0.9997679198992109,0.9997679198992153,0.9999404332377492,0.9996253490626645,exp3,prioprivacy
9,6,sex,0.9993369139977455,0.9993369139977455,0.9994733842206155,0.9993369139977455,exp3,prioprivacy
9,6,salary-class,0.9933359856773424,0.9933359856773423,0.9924006714098103,0.9933359856773424,exp3,prioprivacy
9,6,race,0.8995424706584444,0.8995424706585593,0.7410000298332632,0.9207771209349895,exp3,prioprivacy
9,6,workclass,0.6542338041243949,0.6630575842829671,0.38999492472469854,0.74881719845229,exp3,prioprivacy
9,6,marital-status,0.6059942974603807,0.5987335057358006,0.5063324777805176,0.6379213887446105,exp3,prioprivacy
9,6,occupation,0.5314136993568066,0.5442048833732132,0.5076010714658803,0.53325303320806,exp3,prioprivacy
9,6,education,0.8589505558870985,0.8590964348075946,0.8093293545135222,0.883574903509485,exp3,prioprivacy
9,6,native-country,0.9288840262582057,0.9288840262582245,0.5746960580230882,0.9582340121852143,exp3,prioprivacy
9,6,age,0.9996021483986473,0.9996021483986518,0.9998713707868259,0.9993836172989732,exp3,prioprivacy
9,7,sex,0.9989390623963929,0.9989390623963927,0.9989542052721844,0.9989390623963929,exp3,prioprivacy
9,7,salary-class,0.9923082023738479,0.9923082023738479,0.9910272458532484,0.9923082023738479,exp3,prioprivacy
9,7,race,0.8943040912406339,0.8943040912407342,0.7266110440230532,0.9156251724035495,exp3,prioprivacy
9,7,workclass,0.6383363172203435,0.6479486960887398,0.3679591243727687,0.7346779735834885,exp3,prioprivacy
9,7,marital-status,0.5877097009482131,0.5799515947219389,0.4854957582828704,0.6196634522118412,exp3,prioprivacy
9,7,occupation,0.4874510974073337,0.5011578501730036,0.4638295004007771,0.4916262588520045,exp3,prioprivacy
9,7,education,0.8427160002652343,0.8428243043122693,0.7881602837971106,0.87061965951192,exp3,prioprivacy
9,7,native-country,0.9262979908494131,0.926297990849432,0.5617984944753391,0.9570914655113442,exp3,prioprivacy
9,7,age,0.9996021483986473,0.9996021483986518,0.9998713707868259,0.9993836172989732,exp3,prioprivacy
9,8,sex,0.9987069822956037,0.9987069822956038,0.9987792165620504,0.9987069822956037,exp3,prioprivacy
9,8,salary-class,0.9917114249718189,0.9917114249718189,0.9911864238305836,0.9917114249718189,exp3,prioprivacy
9,8,race,0.8918506730322923,0.8918506730323872,0.7248566735443309,0.9132613871218261,exp3,prioprivacy
9,8,workclass,0.6252901001259863,0.6344833139143862,0.35162773216394194,0.7203253580308642,exp3,prioprivacy
9,8,marital-status,0.5747961010543068,0.5681652410318649,0.47378728130886316,0.6097372323982002,exp3,prioprivacy
9,8,occupation,0.4491578807771368,0.46199242041680166,0.4265770800991806,0.4563412508830229,exp3,prioprivacy
9,8,education,0.8216077625267998,0.8217845854607342,0.7608779191180969,0.8541063827190603,exp3,prioprivacy
9,8,native-country,0.9254359790464823,0.9254359790465011,0.5582555269183289,0.9567929793098466,exp3,prioprivacy
9,8,age,0.9993700682978582,0.9993700682978627,0.9997654162756852,0.999055370425182,exp3,prioprivacy
9,9,sex,0.9989722166965055,0.9989722166965056,0.9991286813495377,0.9989722166965055,exp3,prioprivacy
9,9,salary-class,0.9916782706717061,0.9916782706717062,0.9915177767226017,0.9916782706717061,exp3,prioprivacy
9,9,race,0.88598236191234,0.8859823619124201,0.7121341103430467,0.9072521950950394,exp3,prioprivacy
9,9,workclass,0.6211955440620649,0.6285060672369207,0.3457983360669378,0.7145366127157835,exp3,prioprivacy
9,9,marital-status,0.5640375306677277,0.5576995336296124,0.4619137801771275,0.601500635172936,exp3,prioprivacy
9,9,occupation,0.40549366752867844,0.4184123680840648,0.38441322567590475,0.41410831486703015,exp3,prioprivacy
9,9,education,0.8029860972968195,0.8030457750370223,0.737180715975619,0.8388308983944897,exp3,prioprivacy
9,9,native-country,0.9246071215436642,0.924607121543683,0.5529949119917243,0.9563351632325152,exp3,prioprivacy
9,9,age,0.9991048338969565,0.9991048338969611,0.9996263839875739,0.998656790484976,exp3,prioprivacy
9,10,sex,0.998673827995491,0.998673827995491,0.9990239629184847,0.998673827995491,exp3,prioprivacy
9,10,salary-class,0.9900537099661826,0.9900537099661826,0.9888447260332147,0.9900537099661826,exp3,prioprivacy
9,10,race,0.8731516477687156,0.8731516477687631,0.6804268632087686,0.8940985999770836,exp3,prioprivacy
9,10,workclass,0.6099230820237385,0.6179156365151989,0.33272181485511476,0.7034727241726666,exp3,prioprivacy
9,10,marital-status,0.5566606988926464,0.5519859425768545,0.45552602479854265,0.5951413963792014,exp3,prioprivacy
9,10,occupation,0.38072740534447314,0.3940873131244601,0.36043771826753046,0.3910659948286056,exp3,prioprivacy
9,10,education,0.7904869261543224,0.7906195433547731,0.7208800456769531,0.8283127651692149,exp3,prioprivacy
9,10,native-country,0.9238777269411843,0.9238777269412031,0.5506273500544705,0.9562306118044045,exp3,prioprivacy
9,10,age,0.9991048338969565,0.9991048338969611,0.9996263839875739,0.998656790484976,exp3,prioprivacy
9,2,sex,1.0,1.0,1.0,1.0,exp4,prioprivacy
9,2,salary-class,0.9997347655990982,0.9997347655990982,1.0,0.9997347655990982,exp4,prioprivacy
9,2,race,0.9772561501226709,0.9772561501228121,0.9397197701959328,0.984790293627116,exp4,prioprivacy
9,2,workclass,0.8965420064982428,0.8992204003144922,0.8078318902385375,0.9321323482494118,exp4,prioprivacy
9,2,marital-status,0.7763410914395596,0.7673010189422682,0.6930849172696059,0.7946420190364145,exp4,prioprivacy
9,2,occupation,0.7156521450832173,0.7268646743482199,0.697716980983577,0.7111833448818091,exp4,prioprivacy
9,2,education,0.9160533121145813,0.9166677718100038,0.8865225717935514,0.9251164515733348,exp4,prioprivacy
9,2,native-country,0.9635302698760029,0.9642596644785012,0.7722733797287431,0.9772676592616736,exp4,prioprivacy
9,2,age,0.9999171142497182,0.9999310122644163,0.9999765062241058,0.9998910098292264,exp4,prioprivacy
9,3,sex,1.0,1.0,1.0,1.0,exp4,prioprivacy
9,3,salary-class,0.9992374510974074,0.9992374510974074,0.9997569662100004,0.9992374510974074,exp4,prioprivacy
9,3,race,0.9649227504807374,0.9649227504808799,0.9143895509735546,0.9776161840781874,exp4,prioprivacy
9,3,workclass,0.8426496916650089,0.8453778169314274,0.7096138370353497,0.8963172324483547,exp4,prioprivacy
9,3,marital-status,0.7088720907101651,0.6993733837279784,0.6135150926939039,0.7315640273093074,exp4,prioprivacy
9,3,occupation,0.6057124859094225,0.6203858140399405,0.5839445616322689,0.6047047388332045,exp4,prioprivacy
9,3,education,0.887164865283027,0.887575978604425,0.8463520084108632,0.9029904975019718,exp4,prioprivacy
9,3,native-country,0.9420131291028446,0.9423910881241483,0.6462705510325251,0.96520543640557,exp4,prioprivacy
9,3,age,0.9997347655990982,0.9997347655991026,0.9999148924753241,0.999578456652123,exp4,prioprivacy
9,4,sex,1.0,1.0,1.0,1.0,exp4,prioprivacy
9,4,salary-class,0.9988395994960546,0.9988395994960546,0.9989652160565432,0.9988395994960546,exp4,prioprivacy
9,4,race,0.955937935150189,0.9559379351503329,0.8951124926720897,0.9722668997916304,exp4,prioprivacy
9,4,workclass,0.8033452688813739,0.8063362603844004,0.6380495808760231,0.8703703897413475,exp4,prioprivacy
9,4,marital-status,0.67084410848087,0.6614393386823374,0.5705420953529016,0.6972333994580693,exp4,prioprivacy
9,4,occupation,0.5349446323188117,0.5485531973495383,0.5124738778836263,0.5334233273048986,exp4,prioprivacy
9,4,education,0.8590500187874365,0.8593218840483611,0.8090316445895223,0.8787308821153674,exp4,prioprivacy
9,4,native-country,0.9339897884755652,0.9340229427756968,0.6020535559197169,0.9607225095237684,exp4,prioprivacy
9,4,age,0.9995358397984219,0.9995358397984263,0.9997986382598689,0.9993265694906457,exp4,prioprivacy
9,5,sex,1.0,1.0,1.0,1.0,exp4,prioprivacy
9,5,salary-class,0.9987069822956037,0.9987069822956038,0.999238033992931,0.9987069822956037,exp4,prioprivacy
9,5,race,0.9499038525296731,0.9499038525298173,0.8812809086771045,0.9686702965128863,exp4,prioprivacy
9,5,workclass,0.7762416285392215,0.7786997830761506,0.5908197685522425,0.8517918018228167,exp4,prioprivacy
9,5,marital-status,0.6451495258935084,0.6371206595496528,0.5448668009658155,0.6748302555084825,exp4,prioprivacy
9,5,occupation,0.4782342019759963,0.49357571677030276,0.45660732976053975,0.48183239292358704,exp4,prioprivacy
9,5,education,0.8375660323143912,0.8377649581150676,0.7807185335231736,0.8612222414593044,exp4,prioprivacy
9,5,native-country,0.9291492606591075,0.9291492606591263,0.5757126130437118,0.958462551856154,exp4,prioprivacy
9,5,age,0.9992706053975201,0.9992706053975248,0.9996764440378935,0.9989279895504397,exp4,prioprivacy
9,6,sex,1.0,1.0,1.0,1.0,exp4,prioprivacy
9,6,salary-class,0.998077050593462,0.998077050593462,0.9989936379840985,0.998077050593462,exp4,prioprivacy
9,6,race,0.9454280220144553,0.9454280220145996,0.8690608987025409,0.9657123820759721,exp4,prioprivacy
9,6,workclass,0.7490716795968437,0.7506986084666609,0.5434362385075351,0.8288449810824975,exp4,prioprivacy
9,6,marital-status,0.6222233273655593,0.6141502552882182,0.5197495651755377,0.6539027152860781,exp4,prioprivacy
9,6,occupation,0.4365260924341887,0.452127740967892,0.4157244415721497,0.44150077805559695,exp4,prioprivacy
9,6,education,0.8173971664124837,0.8175430453329797,0.7549823176959476,0.8453156567301966,exp4,prioprivacy
9,6,native-country,0.9263974537497514,0.9263974537497701,0.5609002144391466,0.9569397846829969,exp4,prioprivacy
9,6,age,0.9989390623963929,0.9989390623963976,0.9994492990267363,0.9984660021921453,exp4,prioprivacy
9,7,sex,1.0,1.0,1.0,1.0,exp4,prioprivacy
9,7,salary-class,0.9968834957894039,0.9968834957894039,0.9973748221441316,0.9968834957894039,exp4,prioprivacy
9,7,race,0.9431403753066773,0.9431403753068217,0.8628236036953274,0.9640169920938384,exp4,prioprivacy
9,7,workclass,0.7337212386446522,0.735504466357858,0.517045626108732,0.8188041125824144,exp4,prioprivacy
9,7,marital-status,0.6085471785690604,0.6001315120572189,0.5042716649062677,0.6395071308331091,exp4,prioprivacy
9,7,occupation,0.39359127378821035,0.4100753367711121,0.3742611008142718,0.4017550602055403,exp4,prioprivacy
9,7,education,0.7997701301858854,0.7999248502530778,0.7326080885762054,0.8307416019276798,exp4,prioprivacy
9,7,native-country,0.9249718188449042,0.924971818844923,0.5573155868580453,0.9568546700696043,exp4,prioprivacy
9,7,age,0.9985412107950401,0.9985412107950451,0.9991846784574377,0.9979118837332814,exp4,prioprivacy
9,8,sex,1.0,1.0,1.0,1.0,exp4,prioprivacy
9,8,salary-class,0.9966182613885021,0.9966182613885022,0.997700831084071,0.9966182613885021,exp4,prioprivacy
9,8,race,0.940289105496983,0.9402891054971275,0.8558971617106099,0.9621518509245074,exp4,prioprivacy
9,8,workclass,0.7188018035939261,0.7204003144922182,0.4915393188865764,0.8052506660613623,exp4,prioprivacy
9,8,marital-status,0.5968271334792122,0.5897265875385083,0.4940551420878422,0.6276835274313356,exp4,prioprivacy
9,8,occupation,0.35727073801472053,0.37240185051997854,0.3394776396711422,0.365775010567833,exp4,prioprivacy
9,8,education,0.780186990252636,0.7804234909267732,0.7075364645509689,0.8152205862428386,exp4,prioprivacy
9,8,native-country,0.9234798753398316,0.9234798753398504,0.5468049141328735,0.9556585583946379,exp4,prioprivacy
9,8,age,0.998077050593462,0.9980770505934671,0.998906861734058,0.9973139694277909,exp4,prioprivacy
9,9,sex,1.0,1.0,1.0,1.0,exp4,prioprivacy
9,9,salary-class,0.9955573237848949,0.9955573237848949,0.9965625098536354,0.9955573237848949,exp4,prioprivacy
9,9,race,0.9364432066839069,0.9364432066840519,0.8389500007234922,0.9585361506372035,exp4,prioprivacy
9,9,workclass,0.7089549764604469,0.7098572470563718,0.4752921184299044,0.7973238297769962,exp4,prioprivacy
9,9,marital-status,0.5920197599628672,0.5852065512898064,0.4886693100913787,0.6270827727332462,exp4,prioprivacy
9,9,occupation,0.3187288641336782,0.3349604443696208,0.3031188159415643,0.3326312997705829,exp4,prioprivacy
9,9,education,0.7608359304201756,0.7608956081603784,0.683627039526729,0.798146538162958,exp4,prioprivacy
9,9,native-country,0.9233804124394934,0.9233804124395122,0.5479562211041438,0.9559705875272378,exp4,prioprivacy
9,9,age,0.998077050593462,0.9980770505934671,0.998906861734058,0.9973139694277909,exp4,prioprivacy
9,10,sex,1.0,1.0,1.0,1.0,exp4,prioprivacy
9,10,salary-class,0.9955573237848949,0.9955573237848949,0.9965625098536354,0.9955573237848949,exp4,prioprivacy
9,10,race,0.9333930110735362,0.9333930110736814,0.8315631228781141,0.9555315546238101,exp4,prioprivacy
9,10,workclass,0.6981798289238115,0.6992383983631248,0.4571710929582675,0.7875915409422454,exp4,prioprivacy
9,10,marital-status,0.5894834560042437,0.5840240479191212,0.4874941846289671,0.6270802695886708,exp4,prioprivacy
9,10,occupation,0.29979775876931236,0.3138794101594935,0.2847474205988759,0.31260912243079,exp4,prioprivacy
9,10,education,0.7379042061755412,0.7380368233759919,0.6554573730397686,0.7776356715903254,exp4,prioprivacy
9,10,native-country,0.9214574630329554,0.9214574630329742,0.538013302684742,0.954895820514949,exp4,prioprivacy
9,10,age,0.9977786618924475,0.9977786618924526,0.9986828735252462,0.9969779422984282,exp4,prioprivacy
9,2,sex,0.7872820104767588,0.7872820104767588,0.7668285398526652,0.7872820104767588,exp2,prioprivacy
9,2,salary-class,0.8175518864796765,0.8175518864796765,0.7802854608030315,0.8175518864796765,exp2,prioprivacy
9,2,race,0.8737815794708574,0.8737815794709047,0.692573688531255,0.8870836321661525,exp2,prioprivacy
9,2,workclass,0.8201047675883562,0.8250352856479771,0.6720468428244144,0.8751622658324905,exp2,prioprivacy
9,2,marital-status,0.8546018168556462,0.8524965187985754,0.7960627711961956,0.8728402555710612,exp2,prioprivacy
9,2,occupation,0.890690272528347,0.8919985922174688,0.8825356157177815,0.8886543246701396,exp2,prioprivacy
9,2,education,0.9536944941758947,0.953844793669739,0.9394634422273569,0.9572996762998941,exp2,prioprivacy
9,2,native-country,0.9818645978383397,0.9820469464889763,0.8852661907284464,0.988836356039715,exp2,prioprivacy
9,2,age,0.9999668456998873,0.9999668456998916,1.0,0.999947158635127,exp2,prioprivacy
9,3,sex,0.7267091041708109,0.7267091041708109,0.6993637943912183,0.7267091041708109,exp2,prioprivacy
9,3,salary-class,0.7716663351236656,0.7716663351236654,0.7230449513047114,0.7716663351236656,exp2,prioprivacy
9,3,race,0.8375439294476493,0.8375439294476246,0.6114247880967603,0.8532097827609182,exp2,prioprivacy
9,3,workclass,0.7349976791989921,0.7396013905860732,0.5282099382084238,0.8054828853349345,exp2,prioprivacy
9,3,marital-status,0.7859558384722498,0.7843312777668319,0.7100319556329653,0.8127973266415935,exp2,prioprivacy
9,3,occupation,0.8397984218553146,0.8409996276517769,0.8282742452584824,0.8371366274160698,exp2,prioprivacy
9,3,education,0.94353822690803,0.9436111663682779,0.9255826714995461,0.9481761281049013,exp2,prioprivacy
9,3,native-country,0.9636131556262847,0.9637325111067088,0.7731421415649276,0.9780310688707451,exp2,prioprivacy
9,3,age,0.9999668456998873,0.9999668456998916,1.0,0.999947158635127,exp2,prioprivacy
9,4,sex,0.6911676944499702,0.6911676944499701,0.6603982244362867,0.6911676944499702,exp2,prioprivacy
9,4,salary-class,0.7405676016179299,0.7405676016179299,0.687012930147398,0.7405676016179299,exp2,prioprivacy
9,4,race,0.8150653139712221,0.8150653139711617,0.5619003820483066,0.8319590560136481,exp2,prioprivacy
9,4,workclass,0.6881672302897686,0.6923659855826158,0.45147657330804214,0.7661708820043661,exp2,prioprivacy
9,4,marital-status,0.7364896227040647,0.7348540105652857,0.6517114488081033,0.7659747557869574,exp2,prioprivacy
9,4,occupation,0.7997646044691996,0.800510576221809,0.7862461655912529,0.7949811947677405,exp2,prioprivacy
9,4,education,0.9370399840859359,0.9370753486727228,0.916168124870627,0.9433108011251832,exp2,prioprivacy
9,4,native-country,0.951362641734633,0.9513957960347642,0.7013197356897738,0.9708654281840358,exp2,prioprivacy
9,4,age,0.9997679198992109,0.9997679198992153,0.9999404332377492,0.9996253490626645,exp2,prioprivacy
9,5,sex,0.6707114912804191,0.6707114912804191,0.6389773077183745,0.6707114912804191,exp2,prioprivacy
9,5,salary-class,0.7145746303295537,0.7145746303295537,0.656799872054382,0.7145746303295537,exp2,prioprivacy
9,5,race,0.7934155559976129,0.7934155559975217,0.5178071344434116,0.8106807446984583,exp2,prioprivacy
9,5,workclass,0.6584609773887673,0.6617361486070458,0.4047683193890792,0.7401267582503219,exp2,prioprivacy
9,5,marital-status,0.7014123731848021,0.6999314811132169,0.6104735194568801,0.7352586687025575,exp2,prioprivacy
9,5,occupation,0.7652178237517406,0.7659586948427506,0.7495390244952693,0.7581087898417971,exp2,prioprivacy
9,5,education,0.9315584731339654,0.9315584731339654,0.9082812683379302,0.9397746944665257,exp2,prioprivacy
9,5,native-country,0.9420131291028446,0.9420131291028633,0.6479845774826187,0.9651897049368015,exp2,prioprivacy
9,5,age,0.9997679198992109,0.9997679198992153,0.9999404332377492,0.9996253490626645,exp2,prioprivacy
9,6,sex,0.6590080233406272,0.6590080233406272,0.6268195134530468,0.6590080233406272,exp2,prioprivacy
9,6,salary-class,0.6959087593660898,0.6959087593660898,0.6350697317944175,0.6959087593660898,exp2,prioprivacy
9,6,race,0.7870830846760825,0.7870830846759866,0.5041903263089971,0.8047755252738299,exp2,prioprivacy
9,6,workclass,0.6321696173993767,0.6354305796318925,0.3682375526544317,0.7142280330504511,exp2,prioprivacy
9,6,marital-status,0.6709601485312645,0.6697721194440089,0.5780357908290912,0.7045876382205145,exp2,prioprivacy
9,6,occupation,0.7364398912538956,0.7369792862133908,0.7185711448696028,0.7242839026571923,exp2,prioprivacy
9,6,education,0.9232809495391552,0.9232809495391552,0.8970238948092798,0.9342449641766228,exp2,prioprivacy
9,6,native-country,0.9370399840859359,0.9370399840859547,0.6200152067749246,0.9622152438929127,exp2,prioprivacy
9,6,age,0.9996021483986473,0.9996021483986518,0.9998713707868259,0.9993836172989732,exp2,prioprivacy
9,7,sex,0.6476692527020755,0.6476692527020755,0.6145606945513096,0.6476692527020755,exp2,prioprivacy
9,7,salary-class,0.6684238445726411,0.6684238445726411,0.6010084873802363,0.6684238445726411,exp2,prioprivacy
9,7,race,0.7772031032424905,0.7772031032423853,0.484692048863804,0.7950148320099814,exp2,prioprivacy
9,7,workclass,0.6117134142298256,0.6149459584908162,0.34080474240515823,0.6943973439136061,exp2,prioprivacy
9,7,marital-status,0.6595219149923746,0.6584886059723108,0.5670296607070593,0.6941845693652651,exp2,prioprivacy
9,7,occupation,0.7055566606988927,0.706214646039518,0.6852651228924149,0.6914228302878895,exp2,prioprivacy
9,7,education,0.9138540768737705,0.9138540768737705,0.8847068741189225,0.9273462982992972,exp2,prioprivacy
9,7,native-country,0.9348518002784961,0.9348518002785148,0.6064481390887511,0.9607959013759987,exp2,prioprivacy
9,7,age,0.9996021483986473,0.9996021483986518,0.9998713707868259,0.9993836172989732,exp2,prioprivacy
9,8,sex,0.6232345335189975,0.6232345335189975,0.5865621981437771,0.6232345335189975,exp2,prioprivacy
9,8,salary-class,0.6563888336317221,0.6563888336317221,0.5844537692961178,0.6563888336317221,exp2,prioprivacy
9,8,race,0.7675883562098004,0.7675883562096872,0.4659838903032262,0.7856000067900475,exp2,prioprivacy
9,8,workclass,0.5940587494197997,0.596829501643506,0.3201953797696484,0.6750174948979752,exp2,prioprivacy
9,8,marital-status,0.6364133678138055,0.6356894989281263,0.5431928385071781,0.6700605135201096,exp2,prioprivacy
9,8,occupation,0.6759167163981168,0.6765313461154849,0.6544412106110831,0.6618542289641461,exp2,prioprivacy
9,8,education,0.9064717193820039,0.9064717193820039,0.8753210171083424,0.922088783064252,exp2,prioprivacy
9,8,native-country,0.9324978449704927,0.9324978449705114,0.5951566585465126,0.9599282003630936,exp2,prioprivacy
9,8,age,0.9993700682978582,0.9993700682978627,0.9997654162756852,0.999055370425182,exp2,prioprivacy
9,9,sex,0.6109674424772893,0.6109674424772893,0.5730525379842439,0.6109674424772893,exp2,prioprivacy
9,9,salary-class,0.6308600225449241,0.6308600225449241,0.5555071297073947,0.6308600225449241,exp2,prioprivacy
9,9,race,0.7578741462767721,0.7578741462766452,0.4503532945864188,0.7755931743047628,exp2,prioprivacy
9,9,workclass,0.5756083814070685,0.5776615798497637,0.3004384974537343,0.6545330352837311,exp2,prioprivacy
9,9,marital-status,0.6076685896160732,0.6067568463630859,0.5124567040490811,0.6413144012165283,exp2,prioprivacy
9,9,occupation,0.6574995026854983,0.6576844016667771,0.6350951890523533,0.6423528884758536,exp2,prioprivacy
9,9,education,0.8984815330548372,0.8984815330548372,0.8647047706323205,0.9162295401737501,exp2,prioprivacy
9,9,native-country,0.9301107353623765,0.9301107353623953,0.5828577006753128,0.9584540360610768,exp2,prioprivacy
9,9,age,0.9991048338969565,0.9991048338969611,0.9996263839875739,0.998656790484976,exp2,prioprivacy
9,10,sex,0.6042371195544063,0.6042371195544063,0.565757115006679,0.6042371195544063,exp2,prioprivacy
9,10,salary-class,0.6148796498905909,0.6148796498905909,0.5346557083046686,0.6148796498905909,exp2,prioprivacy
9,10,race,0.7586366951793648,0.7586366951792383,0.45167137694809334,0.7763443233081111,exp2,prioprivacy
9,10,workclass,0.5666732975266893,0.5684210027754886,0.29087319887672214,0.6445361001597292,exp2,prioprivacy
9,10,marital-status,0.5788575028181155,0.5777689366311918,0.48197141465055326,0.6122541442687376,exp2,prioprivacy
9,10,occupation,0.6379881970691599,0.6382687334545931,0.6149308424606974,0.6235334354149861,exp2,prioprivacy
9,10,education,0.8901266494264306,0.8901266494264306,0.8538147403005327,0.9093604538958504,exp2,prioprivacy
9,10,native-country,0.9298123466613619,0.9298123466613807,0.5812708679180891,0.9583760287779268,exp2,prioprivacy
9,10,age,0.9991048338969565,0.9991048338969611,0.9996263839875739,0.998656790484976,exp2,prioprivacy
