k,attribute,gen. intensity, granularity,n.u. entropy,sq. err.,experiment,method
2,sex,0.9890590809628009,0.9890590809628008,0.9879639531673864,0.9890590809628009,exp1,arx_nue
2,salary-class,0.9853457993501757,0.9853457993501757,0.9818986918009861,0.9853457993501757,exp1,arx_nue
2,race,0.9964856441880512,0.9964856441881883,0.9896886579461383,0.9973327844711614,exp1,arx_nue
2,workclass,0.9865559313042902,0.990982030369339,0.9711952481104654,0.9957300942580124,exp1,arx_nue
2,marital-status,0.9886446522113919,0.9858652167185594,0.9746335677234218,0.9900737801863592,exp1,arx_nue
2,occupation,0.9858928453020357,0.9893855233023574,0.982853121866186,0.9847058836077178,exp1,arx_nue
2,education,0.9619499149039628,0.9720796587317375,0.9367952077967553,0.9660227622257346,exp1,arx_nue
2,native-country,0.9430077581062264,0.9566350043100781,0.6457244371357054,0.945523397125306,exp1,arx_nue
2,age,0.7389098866122936,0.8624645768070599,0.6925925331181455,0.0,exp1,arx_nue
3,sex,0.98783237185863,0.9878323718586302,0.9866179699481079,0.98783237185863,exp1,arx_nue
3,salary-class,0.9810688946356343,0.9810688946356343,0.9766157825471934,0.9810688946356343,exp1,arx_nue
3,race,0.9944300775810623,0.9944300775812001,0.9836856023674482,0.9957265138623064,exp1,arx_nue
3,workclass,0.9783005105762217,0.9843606430039691,0.9539879512025248,0.9922321606957373,exp1,arx_nue
3,marital-status,0.9798919169816325,0.9750624405985174,0.9558943641891317,0.9824892521229794,exp1,arx_nue
3,occupation,0.9758139380677674,0.9795055418687797,0.9716657739662292,0.9726274459334019,exp1,arx_nue
3,education,0.9297570894945084,0.9465176933448268,0.8882773624128667,0.9329900031296458,exp1,arx_nue
3,native-country,0.920893839931039,0.9362252171606823,0.5431350329390349,0.9262246552982752,exp1,arx_nue
3,age,0.610080564949274,0.7599193312341456,0.5560301559979245,0.0,exp1,arx_nue
4,sex,0.9871361315562629,0.9871361315562628,0.9858705045254013,0.9871361315562629,exp1,arx_nue
4,salary-class,0.9801405742324779,0.980140574232478,0.9755603090590038,0.9801405742324779,exp1,arx_nue
4,race,0.9946621576818513,0.9946621576819885,0.9842498245038253,0.9962760833308578,exp1,arx_nue
4,workclass,0.972133810755255,0.9795580058162116,0.9416629622531792,0.989531304099507,exp1,arx_nue
4,marital-status,0.9750679663152311,0.9687686492937974,0.9439682398265474,0.9782689503689009,exp1,arx_nue
4,occupation,0.9652211391817519,0.9702172371756722,0.9589855766999154,0.9617069370135819,exp1,arx_nue
4,education,0.9066595937493087,0.9271688437990407,0.8550174639340883,0.9112876785661465,exp1,arx_nue
4,native-country,0.9014985743650952,0.9169037199124869,0.4778447692173844,0.9092678437922357,exp1,arx_nue
4,age,0.5400835488362841,0.6975463808564384,0.4843109077030163,0.0,exp1,arx_nue
5,sex,0.9869372057555865,0.9869372057555865,0.9856296895392431,0.9869372057555865,exp1,arx_nue
5,salary-class,0.9758968238180492,0.9758968238180492,0.9703591917693097,0.9758968238180492,exp1,arx_nue
5,race,0.993137059876666,0.9931370598768041,0.9795046130747926,0.995170578724235,exp1,arx_nue
5,workclass,0.9675916716398116,0.9772466774654959,0.9309093354906158,0.9889654003742705,exp1,arx_nue
5,marital-status,0.9659008023340627,0.956573392569017,0.9220289868351761,0.9711437493351022,exp1,arx_nue
5,occupation,0.9600822226642796,0.9655042258981141,0.9531957655930235,0.9556478090544553,exp1,arx_nue
5,education,0.885706076078066,0.9102225758680901,0.8250269454771328,0.8913804013020815,exp1,arx_nue
5,native-country,0.8960612691466083,0.9122629467542076,0.4621015448839756,0.9032810881721305,exp1,arx_nue
5,age,0.49089085604402893,0.649910014540956,0.4343291531612792,0.0,exp1,arx_nue
6,sex,0.9830913069425105,0.9830913069425105,0.981400693905283,0.9830913069425105,exp1,arx_nue
6,salary-class,0.9756315894171474,0.9756315894171474,0.9699486627347168,0.9756315894171474,exp1,arx_nue
6,race,0.9930044426762151,0.9930044426763527,0.9791970380841672,0.9951238971477557,exp1,arx_nue
6,workclass,0.9642928187785956,0.9743385717127512,0.9245893720990196,0.9869559714349373,exp1,arx_nue
6,marital-status,0.963762349976792,0.9545344031120894,0.9190689569571475,0.9693064412167786,exp1,arx_nue
6,occupation,0.951959419136662,0.9579424951416429,0.9439084729224667,0.947391211758043,exp1,arx_nue
6,education,0.8659129589107686,0.8940609597064739,0.7964104311663243,0.8694044137313051,exp1,arx_nue
6,native-country,0.888767323121809,0.9061948809760754,0.4434423670289376,0.8944944994789439,exp1,arx_nue
6,age,0.4509150586831112,0.6098073768652188,0.39541218415317525,0.0,exp1,arx_nue
7,sex,0.9854784165506266,0.9854784165506265,0.9840270457965378,0.9854784165506266,exp1,arx_nue
7,salary-class,0.974106491611962,0.9741064916119622,0.9680240729496642,0.974106491611962,exp1,arx_nue
7,race,0.9941316888800478,0.9941316888801854,0.9825351514362468,0.9959471904056629,exp1,arx_nue
7,workclass,0.9588555135601088,0.9702795381132362,0.9128632852948101,0.9850542838702794,exp1,arx_nue
7,marital-status,0.9554737749486109,0.9430519638397328,0.8977906187181869,0.9626568376523007,exp1,arx_nue
7,occupation,0.9442510443604536,0.9511458636185414,0.934881941201052,0.9378881612183814,exp1,arx_nue
7,education,0.8530159361669196,0.8824547443803461,0.7800483349686438,0.8537251575320519,exp1,arx_nue
7,native-country,0.8883860486705125,0.9056884490418535,0.4380847335631547,0.8949933777233778,exp1,arx_nue
7,age,0.4213911544327299,0.5831365843301013,0.3655933790122289,0.0,exp1,arx_nue
8,sex,0.9851137192493866,0.9851137192493866,0.9836284283294476,0.9851137192493866,exp1,arx_nue
8,salary-class,0.9679066374908826,0.9679066374908825,0.9605337698217257,0.9679066374908826,exp1,arx_nue
8,race,0.9932696770771169,0.9932696770772547,0.9801327817837804,0.9953360861317524,exp1,arx_nue
8,workclass,0.9557887407996817,0.9675750944897553,0.9072285572369555,0.9830113818825034,exp1,arx_nue
8,marital-status,0.9534347854916783,0.9409742943660042,0.8946859679877763,0.9607143974618114,exp1,arx_nue
8,occupation,0.9385650818911213,0.9458462762620637,0.9282216337136034,0.9316697602835059,exp1,arx_nue
8,education,0.8451252127400917,0.877147846075636,0.7696149966826503,0.8502202852755857,exp1,arx_nue
8,native-country,0.8823022345998276,0.898401133877076,0.4204794376429929,0.8914162020737066,exp1,arx_nue
8,age,0.3929696306610967,0.5494501409559812,0.3381465344557387,0.0,exp1,arx_nue
9,sex,0.9896558583648299,0.9896558583648298,0.9886235007246064,0.9896558583648299,exp1,arx_nue
9,salary-class,0.9669451627876136,0.9669451627876136,0.9592949507375353,0.9669451627876136,exp1,arx_nue
9,race,0.9937669915788078,0.9937669915789453,0.9815615087392543,0.995813511345745,exp1,arx_nue
9,workclass,0.9517273390358729,0.963762349976792,0.8993821276466583,0.9809601116326165,exp1,arx_nue
9,marital-status,0.9560208209004708,0.943825564175695,0.8984804872677132,0.9634440766212554,exp1,arx_nue
9,occupation,0.9287016776075857,0.9370297827628613,0.9180505738807466,0.9215164635995479,exp1,arx_nue
9,education,0.8292111486859846,0.8630860022544924,0.7493359936595516,0.8313336076168917,exp1,arx_nue
9,native-country,0.8763013062794245,0.8950765864332715,0.40741528968304797,0.881982976340586,exp1,arx_nue
9,age,0.37014289503348585,0.5277829686025183,0.31721220543962403,0.0,exp1,arx_nue
10,sex,0.9886612293614482,0.9886612293614483,0.9875339727031908,0.9886612293614482,exp1,arx_nue
10,salary-class,0.9643259730787083,0.9643259730787084,0.9559661150509116,0.9643259730787083,exp1,arx_nue
10,race,0.9934686028777933,0.9934686028779315,0.9805677287143757,0.9955588845649489,exp1,arx_nue
10,workclass,0.9450135932630462,0.9585334432161565,0.8855780057312576,0.977342930335264,exp1,arx_nue
10,marital-status,0.9508819043829985,0.9373273213536091,0.8877045878561471,0.9588795924880631,exp1,arx_nue
10,occupation,0.9194847821762483,0.927670068807967,0.9069728794667791,0.9115146184505655,exp1,arx_nue
10,education,0.8291337886523878,0.8643613376654953,0.7463078027581549,0.8309970621045409,exp1,arx_nue
10,native-country,0.8754227173264373,0.8928975200583629,0.40889824216765325,0.8824011603843392,exp1,arx_nue
10,age,0.35319275910085535,0.5137074611910302,0.30047577230157974,0.0,exp1,arx_nue
2,sex,0.8212320137921889,0.8212320137921889,0.8033382893289309,0.8212320137921889,exp2,arx_nue
2,salary-class,0.8516676612956701,0.85166766129567,0.816775445967448,0.8516676612956701,exp2,arx_nue
2,race,0.870333532259134,0.8703335322591719,0.6942150192184569,0.8817470792186353,exp2,arx_nue
2,workclass,0.8708474239108812,0.8950382221717014,0.749778843935683,0.9331124809491282,exp2,arx_nue
2,marital-status,0.8739307738213646,0.8576796410495426,0.7963795612833144,0.8793722113404965,exp2,arx_nue
2,occupation,0.9324315363702672,0.9445073526036651,0.9208711048597008,0.9291541005147574,exp2,arx_nue
2,education,0.9523904250381279,0.9634904847158676,0.9162653542569543,0.9551831835633405,exp2,arx_nue
2,native-country,0.9861249254028247,0.9908676480339659,0.8966218508462338,0.9868731727471068,exp2,arx_nue
2,age,0.9888601551621246,0.9972833567422835,0.9850686365390059,0.998870852951749,exp2,arx_nue
3,sex,0.6942510443604535,0.6942510443604535,0.6641651208451449,0.6942510443604535,exp2,arx_nue
3,salary-class,0.7445461176314567,0.7445461176314567,0.6860427379822498,0.7445461176314567,exp2,arx_nue
3,race,0.7942775678005437,0.7942775678004513,0.5624112497336267,0.8059786368130912,exp2,arx_nue
3,workclass,0.7878124792785625,0.8212888497352392,0.6056414529627139,0.880085942051877,exp2,arx_nue
3,marital-status,0.8044559379351501,0.7825022655439513,0.7016218314193938,0.8129662889004312,exp2,arx_nue
3,occupation,0.8852198130097474,0.9005013950309874,0.8680860361931972,0.8786091060768684,exp2,arx_nue
3,education,0.9236456468403961,0.9401962734566673,0.8669119643916642,0.9256335774374262,exp2,arx_nue
3,native-country,0.9779358132749818,0.985119521251923,0.8352493111564634,0.9792743966207071,exp2,arx_nue
3,age,0.9824613752403687,0.9951685142653965,0.9775764522174953,0.9974147797863588,exp2,arx_nue
4,sex,0.6017173927458391,0.6017173927458392,0.5635683147300927,0.6017173927458391,exp2,arx_nue
4,salary-class,0.6699157880777137,0.6699157880777136,0.5968739584791913,0.6699157880777137,exp2,arx_nue
4,race,0.7509448975532127,0.7509448975530735,0.4986552045864884,0.7624077508392074,exp2,arx_nue
4,workclass,0.7397221669650553,0.7766584254549244,0.5253312211918622,0.8465532697415148,exp2,arx_nue
4,marital-status,0.7550891850673033,0.7298919169817368,0.6407693772203599,0.764643082872859,exp2,arx_nue
4,occupation,0.8476228366819176,0.8666508546159019,0.8262493439133805,0.8400017633793744,exp2,arx_nue
4,education,0.9003823795946312,0.9216254448201932,0.8258645677078482,0.8996262834805384,exp2,arx_nue
4,native-country,0.9733107884092567,0.9812611895763053,0.8058307954224602,0.9755439149909565,exp2,arx_nue
4,age,0.9773473244479809,0.9939414702693056,0.9714081011982553,0.0,exp2,arx_nue
5,sex,0.5499303759697634,0.5499303759697634,0.5081259169594503,0.5499303759697634,exp2,arx_nue
5,salary-class,0.611365294078642,0.611365294078642,0.5272385566889182,0.611365294078642,exp2,arx_nue
5,race,0.7138452357270738,0.7138452357269061,0.44797034431490945,0.7247590594086717,exp2,arx_nue
5,workclass,0.7035010940919038,0.7430731194407343,0.4687693330276661,0.8194181338147873,exp2,arx_nue
5,marital-status,0.7239738744115112,0.6969917998365387,0.6034294525038433,0.734969555504102,exp2,arx_nue
5,occupation,0.8079371394469863,0.8304973655083671,0.7821610232657596,0.7988272105080345,exp2,arx_nue
5,education,0.8846782927745694,0.9090378622107287,0.8028540453959152,0.8846389416874396,exp2,arx_nue
5,native-country,0.9702771699489424,0.9782507791260703,0.7861508909558867,0.9731680731704849,exp2,arx_nue
5,age,0.9744629003381738,0.99310491025232,0.9687823371867826,0.9967540795953219,exp2,arx_nue
6,sex,0.4987401365957165,0.4987401365957165,0.4536481082549597,0.4987401365957165,exp2,arx_nue
6,salary-class,0.5728068430475433,0.5728068430475433,0.4859039853684811,0.5728068430475433,exp2,arx_nue
6,race,0.6914329288508719,0.6914329288506882,0.41671463412827736,0.7022988554526204,exp2,arx_nue
6,workclass,0.6706783369803063,0.7101366904430362,0.4223330398211146,0.7904440722892323,exp2,arx_nue
6,marital-status,0.6930243352562828,0.6657493976969737,0.5717967340042021,0.7035363174988579,exp2,arx_nue
6,occupation,0.7738710960811617,0.7990568876783901,0.7453596902472772,0.7609220198799693,exp2,arx_nue
6,education,0.8749640828415407,0.9020356740269213,0.78580994898007,0.8721896536353018,exp2,arx_nue
6,native-country,0.9685863006431934,0.9768035939261498,0.7775771027493632,0.9724240137013725,exp2,arx_nue
6,age,0.9716696505536768,0.9925339195281564,0.9651692541416982,0.9966321149327322,exp2,arx_nue
7,sex,0.4611100059677741,0.46111000596777396,0.4128793543935285,0.4611100059677741,exp2,arx_nue
7,salary-class,0.5399509316358332,0.5399509316358331,0.4459876178065909,0.5399509316358332,exp2,arx_nue
7,race,0.6730654465884225,0.6730654465882345,0.3972222346109451,0.683312185164595,exp2,arx_nue
7,workclass,0.6558417876798621,0.6979359080015535,0.400496263502648,0.7818456829704821,exp2,arx_nue
7,marital-status,0.6701478681785027,0.6423093075172717,0.5471354461416634,0.6809066389652001,exp2,arx_nue
7,occupation,0.7513427491545653,0.7785037719392648,0.721115714985564,0.7396974737812863,exp2,arx_nue
7,education,0.8627964547001705,0.8941626328934863,0.7668769348516653,0.8591218830497105,exp2,arx_nue
7,native-country,0.9652874477819773,0.973919998673846,0.753221970657849,0.9699837942036125,exp2,arx_nue
7,age,0.9690007293946025,0.9909019912003859,0.9628053050761725,0.9954291275987219,exp2,arx_nue
8,sex,0.4351833432796234,0.43518334327962327,0.38674307477908876,0.4351833432796234,exp2,arx_nue
8,salary-class,0.5121013195411445,0.5121013195411446,0.41278307906499734,0.5121013195411445,exp2,arx_nue
8,race,0.6467409322989192,0.6467409322987199,0.37482541384415546,0.6564151095531725,exp2,arx_nue
8,workclass,0.6340428353557457,0.673728532590677,0.3725363911655054,0.7605735606850678,exp2,arx_nue
8,marital-status,0.6527087063192096,0.6249254028248288,0.5305846677579094,0.662915287329708,exp2,arx_nue
8,occupation,0.7239572972614547,0.7526995251284043,0.6926183247163393,0.7094423632696609,exp2,arx_nue
8,education,0.8537121764692854,0.8880511902393741,0.754810075582298,0.8515182711944552,exp2,arx_nue
8,native-country,0.9636960413765665,0.9724860751939707,0.7461619371081177,0.9678879551922699,exp2,arx_nue
8,age,0.9679066374908826,0.991270037420829,0.9607074203704246,0.9956038337370261,exp2,arx_nue
9,sex,0.4070021881838074,0.4070021881838075,0.35891273095421217,0.4070021881838074,exp2,arx_nue
9,salary-class,0.4772229958225582,0.4772229958225582,0.3761307534747439,0.4772229958225582,exp2,arx_nue
9,race,0.6468403951992574,0.6468403951990558,0.3703752048967912,0.656769465156447,exp2,arx_nue
9,workclass,0.6188747430541741,0.6590932772552028,0.355331336641174,0.7462136229030966,exp2,arx_nue
9,marital-status,0.6330813606524766,0.6055964458591083,0.5113499329204241,0.6437837533401336,exp2,arx_nue
9,occupation,0.7002851269809695,0.7301061447669389,0.6659970335337693,0.6843028305438639,exp2,arx_nue
9,education,0.8428486174656838,0.8802754017196031,0.7386131687454918,0.8370987336001289,exp2,arx_nue
9,native-country,0.9650056362310192,0.9735188316424818,0.7540698416167314,0.9693165069023336,exp2,arx_nue
9,age,0.9656604336582455,0.990803867867729,0.9581254049777996,0.9957986952877667,exp2,arx_nue
10,sex,0.3967575094489756,0.3967575094489755,0.3485973183051443,0.3967575094489756,exp2,arx_nue
10,salary-class,0.46323188117498837,0.4632318811749885,0.3606012496220439,0.46323188117498837,exp2,arx_nue
10,race,0.6299317021417679,0.6299317021415617,0.3502864159814105,0.6398410280131896,exp2,arx_nue
10,workclass,0.6053975200583516,0.6475129538586869,0.3404765221960915,0.7354290251079244,exp2,arx_nue
10,marital-status,0.6288541873881042,0.600103883473762,0.5053009668241122,0.6380265208167761,exp2,arx_nue
10,occupation,0.6711093428817718,0.7018994863633127,0.6360254807577806,0.6526949662984782,exp2,arx_nue
10,education,0.8388701014521582,0.8767035784541255,0.7323802266146724,0.8333326093571236,exp2,arx_nue
10,native-country,0.959966182613885,0.9690272528347109,0.723645643614814,0.9655496868798489,exp2,arx_nue
10,age,0.9645580531794974,0.9897235065327428,0.9567199915237167,0.0,exp2,arx_nue
2,sex,0.9620714806710431,0.9620714806710431,0.9582750376469393,0.9620714806710431,exp3,arx_nue
2,salary-class,0.9401233339964193,0.9401233339964192,0.926038546137061,0.9401233339964193,exp3,arx_nue
2,race,0.926795305351104,0.9267953053512512,0.8077151238102971,0.937115672702736,exp3,arx_nue
2,workclass,0.8297526689211591,0.8562382183826385,0.6788766506643911,0.9044762880062929,exp3,arx_nue
2,marital-status,0.7785126980969432,0.760194947284774,0.6929090378802045,0.7809448119199744,exp3,arx_nue
2,occupation,0.8777766726344407,0.8964642214095684,0.8619571964465063,0.8741814595590627,exp3,arx_nue
2,education,0.9464447538845795,0.9578233096832659,0.9107315991030216,0.9504947136291417,exp3,arx_nue
2,native-country,0.9893243153637027,0.993570552350655,0.9182367229454752,0.9896951078837476,exp3,arx_nue
2,age,0.9931039055765533,0.9983000886124072,0.9907032950796013,0.9992548934699882,exp3,arx_nue
3,sex,0.9517936476360984,0.9517936476360984,0.9470425878149915,0.9517936476360984,exp3,arx_nue
3,salary-class,0.9009681055632915,0.9009681055632917,0.8779229812224107,0.9009681055632915,exp3,arx_nue
3,race,0.8928784563357868,0.8928784563358819,0.7320583988118635,0.9050539172208336,exp3,arx_nue
3,workclass,0.7304223857834361,0.764495533642142,0.519835024067909,0.8324653004781416,exp3,arx_nue
3,marital-status,0.6559578277302567,0.633755498088194,0.5574855299832926,0.6569778283969236,exp3,arx_nue
3,occupation,0.7780651150454214,0.8025406395210064,0.7545870561911542,0.7721098798662249,exp3,arx_nue
3,education,0.916561678049643,0.9333421744800301,0.8608065147371765,0.9177730574528904,exp3,arx_nue
3,native-country,0.9796266825807307,0.9867490551024631,0.8464803726532089,0.9809692781966588,exp3,arx_nue
3,age,0.9888601551621246,0.997400234022479,0.985197650442378,0.9988820738338928,exp3,arx_nue
4,sex,0.946555268218288,0.9465552682182878,0.9412857334107235,0.946555268218288,exp3,arx_nue
4,salary-class,0.8745109740733373,0.8745109740733372,0.8454308704485145,0.8745109740733373,exp3,arx_nue
4,race,0.8652277700417744,0.865227770041803,0.6753581055822256,0.8785302942212452,exp3,arx_nue
4,workclass,0.6645945229096214,0.7021701857588072,0.4239999379443914,0.7793299741734511,exp3,arx_nue
4,marital-status,0.5771832106624228,0.5541078177840417,0.47959288164758185,0.575949786919818,exp3,arx_nue
4,occupation,0.7145912074796101,0.7415443783058462,0.6886100939648917,0.7106202011461256,exp3,arx_nue
4,education,0.8907786839953122,0.9108348252768383,0.8191820574772174,0.889983954618689,exp3,arx_nue
4,native-country,0.9754989722166965,0.9836134871693027,0.8173293768809895,0.9774402287069532,exp3,arx_nue
4,age,0.9860503282275711,0.9969029195207882,0.9818298325943431,0.998858133732227,exp3,arx_nue
5,sex,0.9410516543995756,0.9410516543995757,0.9351882367281941,0.9410516543995756,exp3,arx_nue
5,salary-class,0.862144420131291,0.8621444201312911,0.8301972461479005,0.862144420131291,exp3,arx_nue
5,race,0.8502751806909357,0.8502751806909341,0.6487650484619935,0.863341806746761,exp3,arx_nue
5,workclass,0.625687951727339,0.6642369301012627,0.3700214871912796,0.7475232559234221,exp3,arx_nue
5,marital-status,0.5243021019826272,0.5020666180403788,0.4296720355734759,0.5234588451742501,exp3,arx_nue
5,occupation,0.6543995756249585,0.6825603280744663,0.6265066123594469,0.6483789530717109,exp3,arx_nue
5,education,0.8709855668280152,0.8955241694847822,0.7885451160877495,0.8689578238350757,exp3,arx_nue
5,native-country,0.9687686492938135,0.9774343544857945,0.773649762654598,0.9717422300466416,exp3,arx_nue
5,age,0.9849396591737949,0.9963972327210892,0.9807428609791089,0.9984376225723216,exp3,arx_nue
6,sex,0.9323320734699291,0.932332073469929,0.9256434711012507,0.9323320734699291,exp3,arx_nue
6,salary-class,0.8513361182945428,0.8513361182945427,0.8167911858826862,0.8513361182945428,exp3,arx_nue
6,race,0.8393342616537365,0.8393342616537176,0.6283481733710854,0.8523249546976519,exp3,arx_nue
6,workclass,0.5895497646044692,0.627601428476702,0.32754078282254095,0.7123096089615719,exp3,arx_nue
6,marital-status,0.48455009614747035,0.46376234997676236,0.39365998242803735,0.48207811062647454,exp3,arx_nue
6,occupation,0.6104038193753729,0.6420024177134678,0.5816418102138328,0.6052902803311029,exp3,arx_nue
6,education,0.8556903830426783,0.8818712286983622,0.7656875477097201,0.8519224567698291,exp3,arx_nue
6,native-country,0.967011471387839,0.9759175452556375,0.7629332779442034,0.9702277186442846,exp3,arx_nue
6,age,0.9821961408394668,0.9951222991803911,0.9777346777253634,0.9976683650635315,exp3,arx_nue
7,sex,0.9312379815662092,0.9312379815662091,0.9245832078965579,0.9312379815662092,exp3,arx_nue
7,salary-class,0.8367150719448313,0.8367150719448313,0.7988208087579295,0.8367150719448313,exp3,arx_nue
7,race,0.8368808434453949,0.8368808434453704,0.624387116752275,0.8499760226448083,exp3,arx_nue
7,workclass,0.5666401432265764,0.6048196879706726,0.30436874983488416,0.6897571425732196,exp3,arx_nue
7,marital-status,0.4537497513427492,0.4322547134362633,0.36660016882280566,0.4491542500265959,exp3,arx_nue
7,occupation,0.5653637026722366,0.5991160553522537,0.5365209123973702,0.5626204101919061,exp3,arx_nue
7,education,0.8392016444532847,0.868958733947793,0.7417799049239002,0.8340137675453049,exp3,arx_nue
7,native-country,0.9627179895232412,0.971624892248543,0.7359332049511635,0.9671705482115671,exp3,arx_nue
7,age,0.9837461043697368,0.9957428539087633,0.9789313643160182,0.9980380104441441,exp3,arx_nue
8,sex,0.9261653736489622,0.9261653736489623,0.918789392969928,0.9261653736489622,exp3,arx_nue
8,salary-class,0.8226908029971487,0.8226908029971487,0.7821937631602796,0.8226908029971487,exp3,arx_nue
8,race,0.8305152178237517,0.8305152178237186,0.6127904747918684,0.8437546416340249,exp3,arx_nue
8,workclass,0.5440454876997547,0.5819337482357176,0.28062518492652,0.668100080230713,exp3,arx_nue
8,marital-status,0.4319673761686891,0.4115332758657959,0.3476414332407337,0.4265470997941163,exp3,arx_nue
8,occupation,0.5299383330017904,0.5618480716947645,0.5011798111895271,0.5281292784614231,exp3,arx_nue
8,education,0.825055809738523,0.8572795791614172,0.7219985513642899,0.8183620224420214,exp3,arx_nue
8,native-country,0.963580001326172,0.9724338571712933,0.7416409884469042,0.9685507570747676,exp3,arx_nue
8,age,0.9804721172336052,0.9954746054805785,0.9757466648688152,0.9982703193305456,exp3,arx_nue
9,sex,0.9178436443206683,0.9178436443206683,0.9096467751430847,0.9178436443206683,exp3,arx_nue
9,salary-class,0.8113520323585969,0.811352032358597,0.7680382006572481,0.8113520323585969,exp3,arx_nue
9,race,0.812180889861415,0.8121808898613501,0.5836813078152987,0.8249653071011165,exp3,arx_nue
9,workclass,0.5235892845302036,0.5619606505820948,0.26081167681837814,0.6479838241493401,exp3,arx_nue
9,marital-status,0.42208739473509715,0.40052604822836146,0.3363685346239925,0.4192842258086722,exp3,arx_nue
9,occupation,0.501740600755918,0.536398320862081,0.47341021064692257,0.5037071851665664,exp3,arx_nue
9,education,0.8146011537696449,0.8481908803571824,0.7087206339311856,0.807633108714543,exp3,arx_nue
9,native-country,0.961292354618394,0.9710239705589997,0.7256447744746346,0.9664637155514691,exp3,arx_nue
9,age,0.9803643657582388,0.9954139900429988,0.9753979995613594,0.9980546475384403,exp3,arx_nue
10,sex,0.9169484782176248,0.9169484782176249,0.908672026446117,0.9169484782176248,exp3,arx_nue
10,salary-class,0.8138054505669385,0.8138054505669385,0.7711115418653826,0.8138054505669385,exp3,arx_nue
10,race,0.794973808102911,0.7949738081028216,0.5508093492254507,0.8079689694829804,exp3,arx_nue
10,workclass,0.5095981698826337,0.5495041063968853,0.2476268184400161,0.6369147054424038,exp3,arx_nue
10,marital-status,0.3923314103839268,0.3731737506353541,0.30958913396884047,0.39129281159456564,exp3,arx_nue
10,occupation,0.472912936807904,0.5059830760048217,0.44414602699716565,0.472592071689904,exp3,arx_nue
10,education,0.8091638485511592,0.8446367393850982,0.7015443775493773,0.8048793100630831,exp3,arx_nue
10,native-country,0.9587560506597705,0.9675071281745428,0.7126611281740343,0.9653983744192276,exp3,arx_nue
10,age,0.9775711159737418,0.9944756228822327,0.972076048185251,0.9974935812336595,exp3,arx_nue
2,sex,0.9771566872223327,0.9771566872223327,0.9748702313134998,0.9771566872223327,exp4,arx_nue
2,salary-class,0.9619720177707048,0.961972017770705,0.9530267214471326,0.9619720177707048,exp4,arx_nue
2,race,0.964127047278032,0.9641270472781739,0.8991826537212064,0.9708452335988524,exp4,arx_nue
2,workclass,0.8779755984351171,0.9021521877101746,0.7606107102980575,0.9392139900605967,exp4,arx_nue
2,marital-status,0.784729129368079,0.7660964127048396,0.6988649276962087,0.7875894091953016,exp4,arx_nue
2,occupation,0.8174524235793382,0.8419177467318109,0.7970183669877069,0.8122900431992395,exp4,arx_nue
2,education,0.9355369891474937,0.9494617951948368,0.8949083070225052,0.9401664690211614,exp4,arx_nue
2,native-country,0.9877163318082355,0.992391916981648,0.906937437413653,0.9881007690283004,exp4,arx_nue
2,age,0.9929547112260461,0.9982876976113547,0.9905339525457528,0.9992891443525755,exp4,arx_nue
3,sex,0.972912936807904,0.9729129368079039,0.9702506648121023,0.972912936807904,exp4,arx_nue
3,salary-class,0.9472846628207678,0.9472846628207678,0.9349172124394693,0.9472846628207678,exp4,arx_nue
3,race,0.9510974073337312,0.9510974073338754,0.8623282054112111,0.9604967768493331,exp4,arx_nue
3,workclass,0.8049200981367284,0.8371602868320593,0.6307189831544406,0.8936184679176521,exp4,arx_nue
3,marital-status,0.6625058020025197,0.6396514377915727,0.5645710871364575,0.662468476023004,exp4,arx_nue
3,occupation,0.6902559511968702,0.7229958225581409,0.6635532519061262,0.6871196157823876,exp4,arx_nue
3,education,0.8937957253055702,0.9149570099241872,0.8302179317677529,0.8968234612971626,exp4,arx_nue
3,native-country,0.9764936012200782,0.984172137126202,0.8273593623175519,0.9781820779697097,exp4,arx_nue
3,age,0.9888021351369273,0.9974628588115808,0.9853458767447346,0.9990816079774945,exp4,arx_nue
4,sex,0.9722830051057623,0.9722830051057623,0.9695239149975782,0.9722830051057623,exp4,arx_nue
4,salary-class,0.9365758238843578,0.9365758238843578,0.9218401268403567,0.9365758238843578,exp4,arx_nue
4,race,0.9410185000994629,0.9410185000996075,0.8337786315026354,0.9523253790756199,exp4,arx_nue
4,workclass,0.7544758305152178,0.789962772457302,0.5459763908487032,0.8578922649015213,exp4,arx_nue
4,marital-status,0.5936111663682779,0.5695798245033153,0.49553415622899466,0.5922452581054951,exp4,arx_nue
4,occupation,0.6070718122140442,0.639332221389004,0.5791368384891937,0.6031429393187738,exp4,arx_nue
4,education,0.8601883164246371,0.8862475963132418,0.7785657648830678,0.8626964638726563,exp4,arx_nue
4,native-country,0.9699953583979842,0.9790241031761994,0.7829573071892437,0.9729104107805026,exp4,arx_nue
4,age,0.9856276109011339,0.9963031280914763,0.98168801441385,0.9983679332360398,exp4,arx_nue
5,sex,0.970260592798886,0.9702605927988861,0.9672993539635015,0.970260592798886,exp4,arx_nue
5,salary-class,0.9396260194947285,0.9396260194947286,0.9255155266733702,0.9396260194947285,exp4,arx_nue
5,race,0.9298455009614747,0.9298455009616202,0.8033266118806217,0.9430569642546438,exp4,arx_nue
5,workclass,0.7243883031629202,0.7604933359856774,0.49948132356741815,0.8340134289686222,exp4,arx_nue
5,marital-status,0.5434155559976128,0.5199920429680189,0.4506291824563533,0.5394213981314026,exp4,arx_nue
5,occupation,0.5333863802135137,0.5645259190115597,0.5066401453079208,0.5303662105226109,exp4,arx_nue
5,education,0.833675927767831,0.8632959794885396,0.7430695840058703,0.8355475628582002,exp4,arx_nue
5,native-country,0.965270870631921,0.9752097009482309,0.7497308695105555,0.9683411341699918,exp4,arx_nue
5,age,0.9834891585438631,0.9956169345467192,0.979140567774625,0.9978658570287805,exp4,arx_nue
6,sex,0.9685034148929116,0.9685034148929117,0.9653641795239271,0.9685034148929116,exp4,arx_nue
6,salary-class,0.9308069756647437,0.9308069756647437,0.9146989529419999,0.9308069756647437,exp4,arx_nue
6,race,0.9236124925402824,0.9236124925404277,0.7897025959298088,0.9367719265486613,exp4,arx_nue
6,workclass,0.710927657317154,0.7468906002822853,0.4777126027856614,0.8231744374697304,exp4,arx_nue
6,marital-status,0.5066142828724886,0.4831134098092408,0.41459815920769816,0.5024975125000782,exp4,arx_nue
6,occupation,0.48740136595716466,0.5222465353755047,0.46095001115358136,0.4884635526192761,exp4,arx_nue
6,education,0.808279733881486,0.8417081095418075,0.7088667602589759,0.8091737300888443,exp4,arx_nue
6,native-country,0.9616902062197467,0.9713430806975848,0.7299901886624492,0.9663535519327096,exp4,arx_nue
6,age,0.9824365095152842,0.9951608117512288,0.9778528701408982,0.9972884976923606,exp4,arx_nue
7,sex,0.9631324182746502,0.9631324182746501,0.9594482265595172,0.9631324182746502,exp4,arx_nue
7,salary-class,0.9289834891585439,0.9289834891585438,0.9123184960431835,0.9289834891585439,exp4,arx_nue
7,race,0.9232809495391552,0.9232809495393002,0.7902349900026757,0.9361926506223502,exp4,arx_nue
7,workclass,0.688780584841854,0.7260223365256189,0.4467891898658384,0.8056920918877021,exp4,arx_nue
7,marital-status,0.4812346661361979,0.4575403929889269,0.39210820466395824,0.4738052178048674,exp4,arx_nue
7,occupation,0.4412008487500829,0.4756825960325878,0.4159399419436961,0.4440171488644157,exp4,arx_nue
7,education,0.7918130981588338,0.8280441173220167,0.687665903081337,0.792177457738923,exp4,arx_nue
7,native-country,0.9597175253630396,0.9694673761687073,0.7177444517120063,0.9647749445460309,exp4,arx_nue
7,age,0.9792454081294344,0.9944230448507408,0.9735715356849484,0.9969752452911473,exp4,arx_nue
8,sex,0.9685697234931371,0.968569723493137,0.9654454813343363,0.9685697234931371,exp4,arx_nue
8,salary-class,0.9164511637159339,0.916451163715934,0.896950372988381,0.9164511637159339,exp4,arx_nue
8,race,0.9095219149923746,0.9095219149925181,0.7580787218116478,0.9232024410220719,exp4,arx_nue
8,workclass,0.6614448643989126,0.6976564646148891,0.4078733214419744,0.7822170246016446,exp4,arx_nue
8,marital-status,0.446969696969697,0.42365669827368757,0.3638803367122736,0.43743202398012504,exp4,arx_nue
8,occupation,0.41126251574829253,0.44642010068697446,0.3857077060356686,0.4150803066431408,exp4,arx_nue
8,education,0.7832371858630098,0.8214508321729328,0.6740702481769518,0.7854506844988213,exp4,arx_nue
8,native-country,0.9584742391088125,0.9690115045421575,0.7089103000393465,0.9626662993390378,exp4,arx_nue
8,age,0.9769246071215436,0.9928172380927561,0.9715652093756678,0.9958023356926561,exp4,arx_nue
9,sex,0.9590875936608978,0.9590875936608978,0.9551157051451334,0.9590875936608978,exp4,arx_nue
9,salary-class,0.9124394934022942,0.9124394934022944,0.8921623295119504,0.9124394934022942,exp4,arx_nue
9,race,0.9124063391021815,0.912406339102328,0.7637347810030497,0.9260012137209884,exp4,arx_nue
9,workclass,0.6520787746170678,0.6900593935604876,0.39585543620512287,0.7766960636741064,exp4,arx_nue
9,marital-status,0.4349181088787216,0.4112514643148327,0.35153987460125047,0.42570979793365415,exp4,arx_nue
9,occupation,0.37182547576420666,0.4053087685472345,0.348197246228959,0.3774350011607729,exp4,arx_nue
9,education,0.7656764582366371,0.8054461463651835,0.6544807621057042,0.7670803053028361,exp4,arx_nue
9,native-country,0.9552914262979908,0.965537762747847,0.6909239458083838,0.9616025616898388,exp4,arx_nue
9,age,0.9757807837676546,0.9940101231129733,0.9703333650203594,0.9973445688066935,exp4,arx_nue
10,sex,0.955937935150189,0.9559379351501889,0.9516273987753937,0.955937935150189,exp4,arx_nue
10,salary-class,0.9079968171871892,0.9079968171871893,0.8866737271434076,0.9079968171871892,exp4,arx_nue
10,race,0.90812943438764,0.90812943438778,0.7539531849140184,0.9219675011352111,exp4,arx_nue
10,workclass,0.644718519992043,0.6830969905368155,0.38734111590995357,0.7706343038076638,exp4,arx_nue
10,marital-status,0.4204296797294609,0.3979842185530499,0.339558687738979,0.41021408143980875,exp4,arx_nue
10,occupation,0.34865061998541214,0.3827893477783767,0.3259939678440439,0.35616317089741434,exp4,arx_nue
10,education,0.7457396724355188,0.7898923590389674,0.6283899563668977,0.7447781147369907,exp4,arx_nue
10,native-country,0.9556063921490617,0.9659629666467927,0.6922301008183482,0.9616308393299807,exp4,arx_nue
10,age,0.9749602148398647,0.9937713451737775,0.9689404077122133,0.9970655006952951,exp4,arx_nue
2,sex,1.0,1.0,1.0,1.0,exp1,prioprivacy
2,salary-class,1.0,1.0,1.0,1.0,exp1,prioprivacy
2,race,1.0,1.0,1.0,1.0,exp1,prioprivacy
2,workclass,0.9967840328890657,0.9967840328890657,0.9941968993869914,0.9980365965022756,exp1,prioprivacy
2,marital-status,0.9996684569988727,0.9996684569987925,0.999604469914927,0.9997496855424627,exp1,prioprivacy
2,occupation,0.9775213845235727,0.9775774918006884,0.9759460175570844,0.9763145442179821,exp1,prioprivacy
2,education,0.9231262294719624,0.9254956567866852,0.9001019360312468,0.9316922240611218,exp1,prioprivacy
2,native-country,0.9341224056760162,0.9353532590677197,0.6120436897293574,0.9567266731191691,exp1,prioprivacy
2,age,0.6980140574232478,0.7872234043906012,0.6574181179678831,0.0,exp1,prioprivacy
3,sex,1.0,1.0,1.0,1.0,exp1,prioprivacy
3,salary-class,1.0,1.0,1.0,1.0,exp1,prioprivacy
3,race,1.0,1.0,1.0,1.0,exp1,prioprivacy
3,workclass,0.9938996087792586,0.9938996087792586,0.98869417369613,0.9961621057894775,exp1,prioprivacy
3,marital-status,0.9993369139977455,0.9993369139976661,0.9991386448174596,0.9995444276872821,exp1,prioprivacy
3,occupation,0.9600822226642796,0.9600898736566338,0.957804494567471,0.9584980131762836,exp1,prioprivacy
3,education,0.8729748248347814,0.8754171916097517,0.8383043692512715,0.8855695613924586,exp1,prioprivacy
3,native-country,0.9178602214707248,0.9183882037000385,0.5308574578316696,0.946931450254853,exp1,prioprivacy
3,age,0.5884556727007493,0.6937450226687532,0.5395342126937032,0.0,exp1,prioprivacy
4,sex,1.0,1.0,1.0,1.0,exp1,prioprivacy
4,salary-class,1.0,1.0,1.0,1.0,exp1,prioprivacy
4,race,1.0,1.0,1.0,1.0,exp1,prioprivacy
4,workclass,0.9913467276705789,0.9913467276705789,0.9837860633395222,0.994672555133772,exp1,prioprivacy
4,marital-status,0.998441747894702,0.998441747894625,0.9979047047906074,0.9989399182723296,exp1,prioprivacy
4,occupation,0.9477819773224587,0.9477819773224894,0.9450736385671145,0.9460964077900128,exp1,prioprivacy
4,education,0.8393453130871072,0.841469398580996,0.7980064570671292,0.8547271406063156,exp1,prioprivacy
4,native-country,0.9090080233406272,0.9094033883694901,0.49380222936147244,0.9411944046155869,exp1,prioprivacy
4,age,0.5247413964591208,0.6381281818918052,0.4727595631370013,0.0,exp1,prioprivacy
5,sex,1.0,1.0,1.0,1.0,exp1,prioprivacy
5,salary-class,1.0,1.0,1.0,1.0,exp1,prioprivacy
5,race,0.9998673827995491,0.9998673827996857,1.0,0.9999236119657612,exp1,prioprivacy
5,workclass,0.9878655261587428,0.9878655261587428,0.9769367390791549,0.9920930383381469,exp1,prioprivacy
5,marital-status,0.9980438962933492,0.9980438962932734,0.9973381330469807,0.9986195157666818,exp1,prioprivacy
5,occupation,0.9332272395729726,0.9332272395730115,0.9297920111873782,0.9317678838132084,exp1,prioprivacy
5,education,0.8129986959308618,0.8150608933978737,0.76557017113436,0.8297032131925841,exp1,prioprivacy
5,native-country,0.9045653471255222,0.9046523771633368,0.476576316460284,0.9385067936867926,exp1,prioprivacy
5,age,0.4783751077514754,0.5969682904235944,0.42552684612418945,0.0,exp1,prioprivacy
6,sex,1.0,1.0,1.0,1.0,exp1,prioprivacy
6,salary-class,1.0,1.0,1.0,1.0,exp1,prioprivacy
6,race,0.9998673827995491,0.9998673827996857,1.0,0.9999236119657612,exp1,prioprivacy
6,workclass,0.9854452622505139,0.9854452622505139,0.972951901171144,0.9908733641355114,exp1,prioprivacy
6,marital-status,0.9972150387905311,0.9972150387904575,0.9961632012735688,0.9977997359182473,exp1,prioprivacy
6,occupation,0.9244413500431006,0.9244413500431459,0.9202045309701405,0.9220049481278493,exp1,prioprivacy
6,education,0.7913599893906236,0.7936675286784696,0.7393367081586579,0.8094236053063733,exp1,prioprivacy
6,native-country,0.9010675684636298,0.9011769776540204,0.463725420410687,0.9357920968957933,exp1,prioprivacy
6,age,0.4407449771235329,0.5606214656343635,0.38843554077432196,0.0,exp1,prioprivacy
7,sex,1.0,1.0,1.0,1.0,exp1,prioprivacy
7,salary-class,1.0,1.0,1.0,1.0,exp1,prioprivacy
7,race,0.9998673827995491,0.9998673827996857,1.0,0.9999236119657612,exp1,prioprivacy
7,workclass,0.9840859359458922,0.9840859359458922,0.9704773433943998,0.9900710570056476,exp1,prioprivacy
7,marital-status,0.9968171871891784,0.9968171871891057,0.9955427158729099,0.9974092453644892,exp1,prioprivacy
7,occupation,0.913434122405676,0.9134341224057269,0.9088165732833359,0.910304783770937,exp1,prioprivacy
7,education,0.7728267356276104,0.7748336759277679,0.7168194704376943,0.7925421348982803,exp1,prioprivacy
7,native-country,0.8995424706584444,0.8996021483986659,0.4570750147442738,0.9354107712933285,exp1,prioprivacy
7,age,0.4139314369073669,0.5345715627195433,0.3609397426489972,0.0,exp1,prioprivacy
8,sex,1.0,1.0,1.0,1.0,exp1,prioprivacy
8,salary-class,1.0,1.0,1.0,1.0,exp1,prioprivacy
8,race,0.9998673827995491,0.9998673827996857,1.0,0.9999236119657612,exp1,prioprivacy
8,workclass,0.981334129036536,0.981334129036536,0.9654839920293069,0.9884068188783809,exp1,prioprivacy
8,marital-status,0.995656786685233,0.995656786685163,0.9936042618691752,0.9963579246428326,exp1,prioprivacy
8,occupation,0.9060738677806511,0.9060738677807043,0.900931394325192,0.9025523138843727,exp1,prioprivacy
8,education,0.7573326260415975,0.7591229582476847,0.6989841298279604,0.7778081847785864,exp1,prioprivacy
8,native-country,0.8976526755520191,0.8977123532922406,0.4503478322418851,0.9342960688858049,exp1,prioprivacy
8,age,0.38914030899807706,0.5090571519853286,0.33649483596736196,0.0,exp1,prioprivacy
9,sex,1.0,1.0,1.0,1.0,exp1,prioprivacy
9,salary-class,1.0,1.0,1.0,1.0,exp1,prioprivacy
9,race,0.9998673827995491,0.9998673827996857,1.0,0.9999236119657612,exp1,prioprivacy
9,workclass,0.9791127909289835,0.9791127909289835,0.9606557580355337,0.9863743772182433,exp1,prioprivacy
9,marital-status,0.995656786685233,0.995656786685163,0.9936042618691752,0.9963579246428326,exp1,prioprivacy
9,occupation,0.8955971089450302,0.8955971089450878,0.8891926342533002,0.8915944753608618,exp1,prioprivacy
9,education,0.7457175695687726,0.7479875339831576,0.6844610687963698,0.7660915606506933,exp1,prioprivacy
9,native-country,0.8925137590345468,0.8925137590345653,0.4362126838582395,0.929515630893545,exp1,prioprivacy
9,age,0.3674905510244679,0.49215482187432824,0.31646019089922406,0.0,exp1,prioprivacy
10,sex,1.0,1.0,1.0,1.0,exp1,prioprivacy
10,salary-class,1.0,1.0,1.0,1.0,exp1,prioprivacy
10,race,0.9998673827995491,0.9998673827996857,1.0,0.9999236119657612,exp1,prioprivacy
10,workclass,0.9777203103242491,0.977720310324249,0.958323385685115,0.9856222796610435,exp1,prioprivacy
10,marital-status,0.994463231881175,0.9944632318811076,0.992072451117862,0.9956933397580711,exp1,prioprivacy
10,occupation,0.8866454479145945,0.8866454479146545,0.8800091789426341,0.8819577492879822,exp1,prioprivacy
10,education,0.7288088765112828,0.7309020179917336,0.6634013125359228,0.7509422550369611,exp1,prioprivacy
10,native-country,0.8920495988329686,0.8920495988329872,0.43360670535161394,0.9298378009729545,exp1,prioprivacy
10,age,0.34879981433591933,0.4735194260756178,0.29903320804287137,0.0,exp1,prioprivacy
2,sex,0.8084012996485644,0.8084012996485643,0.7901015209908908,0.8084012996485644,exp2,prioprivacy
2,salary-class,0.8458325044758306,0.8458325044758306,0.8131761619161728,0.8458325044758306,exp2,prioprivacy
2,race,0.8872753796167363,0.887275379616817,0.7211137276248274,0.8999316751471531,exp2,prioprivacy
2,workclass,0.8354883628406604,0.8404188809002813,0.6980894546167069,0.8880431132863944,exp2,prioprivacy
2,marital-status,0.8648796498905909,0.8627743518335146,0.809166343428744,0.8821882489877909,exp2,prioprivacy
2,occupation,0.8967575094489755,0.8980658291380951,0.8889108702753492,0.8947518487930628,exp2,prioprivacy
2,education,0.9570762327873925,0.9572265322812369,0.9441433234882267,0.9602431567183027,exp2,prioprivacy
2,native-country,0.9818645978383397,0.9820469464889763,0.8852661907284464,0.988836356039715,exp2,prioprivacy
2,age,0.9999668456998873,0.9999668456998916,1.0,0.999947158635127,exp2,prioprivacy
3,sex,0.7483257078443074,0.7483257078443073,0.7234239950195416,0.7483257078443074,exp2,prioprivacy
3,salary-class,0.8087328426496917,0.8087328426496916,0.7678595156695923,0.8087328426496917,exp2,prioprivacy
3,race,0.8179497380810291,0.8179497380809735,0.579292235092789,0.8322094390147641,exp2,prioprivacy
3,workclass,0.7593992440819575,0.7640029554690386,0.5666343888416633,0.8271012444651791,exp2,prioprivacy
3,marital-status,0.8029639944300776,0.8013394337246553,0.730902320831319,0.8284156972196322,exp2,prioprivacy
3,occupation,0.8487169285856375,0.8499181343820982,0.8375842170805605,0.8456204020149454,exp2,prioprivacy
3,education,0.9480472117233605,0.9481201511836085,0.9317445759751766,0.9519292207761314,exp2,prioprivacy
3,native-country,0.9636131556262847,0.9637325111067088,0.7731421415649276,0.9780310688707451,exp2,prioprivacy
3,age,0.9999668456998873,0.9999668456998916,1.0,0.999947158635127,exp2,prioprivacy
4,sex,0.7379484119090246,0.7379484119090245,0.7122673640660889,0.7379484119090246,exp2,prioprivacy
4,salary-class,0.8232544260990651,0.8232544260990651,0.7817396640466518,0.8232544260990651,exp2,prioprivacy
4,race,0.7177242888402626,0.7177242888401005,0.42974892395394326,0.7316276168206451,exp2,prioprivacy
4,workclass,0.7140607386778065,0.7182594939706537,0.49089980811704426,0.7896020159143424,exp2,prioprivacy
4,marital-status,0.7579404548769976,0.7563048427382155,0.6775944276257582,0.7856632394445522,exp2,prioprivacy
4,occupation,0.812363238512035,0.8131092102646436,0.7990632391353879,0.8072448583803716,exp2,prioprivacy
4,education,0.9417147404018301,0.941750104988617,0.9228331902205908,0.9470984378041346,exp2,prioprivacy
4,native-country,0.951362641734633,0.9513957960347642,0.7013197356897738,0.9708654281840358,exp2,prioprivacy
4,age,0.9997679198992109,0.9997679198992153,0.9999404332377492,0.9996253490626645,exp2,prioprivacy
5,sex,0.6602347324447981,0.6602347324447981,0.6262340876129571,0.6602347324447981,exp2,prioprivacy
5,salary-class,0.7976593064120416,0.7976593064120416,0.7507806635261005,0.7976593064120416,exp2,prioprivacy
5,race,0.7070817585040781,0.7070817585039109,0.40371460842870976,0.7218881424551963,exp2,prioprivacy
5,workclass,0.6864266295338506,0.6897373232165355,0.4465568416677841,0.7657639752592331,exp2,prioprivacy
5,marital-status,0.7234102513095948,0.7219569878214362,0.6382271089513196,0.7535065926570254,exp2,prioprivacy
5,occupation,0.7814634308069757,0.7822043018980236,0.7660277657303542,0.7737100755444523,exp2,prioprivacy
5,education,0.9375925557544814,0.9375925557544813,0.9166489502622518,0.9451786597462815,exp2,prioprivacy
5,native-country,0.9420131291028446,0.9420131291028633,0.6479845774826187,0.9651897049368015,exp2,prioprivacy
5,age,0.9997679198992109,0.9997679198992153,0.9999404332377492,0.9996253490626645,exp2,prioprivacy
6,sex,0.6063589947616206,0.6063589947616206,0.5674205310503266,0.6063589947616206,exp2,prioprivacy
6,salary-class,0.780286453152974,0.7802864531529738,0.7302048651467723,0.780286453152974,exp2,prioprivacy
6,race,0.710927657317154,0.7109276573169895,0.4014531907232264,0.7265393249844041,exp2,prioprivacy
6,workclass,0.6609807041973343,0.664284293387138,0.409622494023974,0.7410817861637062,exp2,prioprivacy
6,marital-status,0.6980803660234732,0.6969254912363297,0.61090133872373,0.7290295934267423,exp2,prioprivacy
6,occupation,0.7545421391154432,0.7550815340749744,0.7370100414370153,0.7417082951001162,exp2,prioprivacy
6,education,0.9297791923612493,0.9297791923612493,0.9059258734995781,0.9406989018108299,exp2,prioprivacy
6,native-country,0.9370399840859359,0.9370399840859547,0.6200152067749246,0.9622152438929127,exp2,prioprivacy
6,age,0.9996021483986473,0.9996021483986518,0.9998713707868259,0.9993836172989732,exp2,prioprivacy
7,sex,0.5771500563623102,0.5771500563623102,0.5367121104428649,0.5771500563623102,exp2,prioprivacy
7,salary-class,0.7573105231748558,0.7573105231748558,0.7030629628456946,0.7573105231748558,exp2,prioprivacy
7,race,0.7028048537895365,0.7028048537893696,0.3882740375635958,0.7186522604492465,exp2,prioprivacy
7,workclass,0.6456302632451429,0.6488628075061336,0.3873598287727321,0.7268954898205322,exp2,prioprivacy
7,marital-status,0.684255022876467,0.6832217138564033,0.5975724335404788,0.7145213674678815,exp2,prioprivacy
7,occupation,0.725018234865062,0.725676220205713,0.7052672190738727,0.7095219997575353,exp2,prioprivacy
7,education,0.9195566164931592,0.9195566164931592,0.8924337654365572,0.9332194001629567,exp2,prioprivacy
7,native-country,0.9348518002784961,0.9348518002785148,0.6064481390887511,0.9607959013759987,exp2,prioprivacy
7,age,0.9996021483986473,0.9996021483986518,0.9998713707868259,0.9993836172989732,exp2,prioprivacy
8,sex,0.5707512764405543,0.5707512764405542,0.5312523656308735,0.5707512764405543,exp2,prioprivacy
8,salary-class,0.7190173065446588,0.7190173065446588,0.6620691307344307,0.7190173065446588,exp2,prioprivacy
8,race,0.6983621775744314,0.698362177574263,0.3780990934047922,0.7145782319565097,exp2,prioprivacy
8,workclass,0.6333134407532657,0.636084192976972,0.3712881139593597,0.7137803310275285,exp2,prioprivacy
8,marital-status,0.6605828525959817,0.6598589837103035,0.5730870017107792,0.6900230915087078,exp2,prioprivacy
8,occupation,0.7000198925800676,0.7006345222974621,0.6791852830950253,0.6846796817811269,exp2,prioprivacy
8,education,0.9125721106027451,0.9125721106027451,0.8836284004554097,0.9286688994092974,exp2,prioprivacy
8,native-country,0.9324978449704927,0.9324978449705114,0.5951566585465126,0.9599282003630936,exp2,prioprivacy
8,age,0.9993700682978582,0.9993700682978627,0.9997654162756852,0.999055370425182,exp2,prioprivacy
9,sex,0.5448909223526291,0.544890922352629,0.5093202245912907,0.5448909223526291,exp2,prioprivacy
9,salary-class,0.6711093428817718,0.6711093428817718,0.6145590036477044,0.6711093428817718,exp2,prioprivacy
9,race,0.6933227239572972,0.6933227239571215,0.37192858224470604,0.709536621696748,exp2,prioprivacy
9,workclass,0.6107187852264438,0.612771983669139,0.34452220825830837,0.6893941692041679,exp2,prioprivacy
9,marital-status,0.6357834361116637,0.6348716928586791,0.5475915566047469,0.6638589728346235,exp2,prioprivacy
9,occupation,0.6854154233804124,0.6856003223617144,0.6638838326443628,0.667743062826434,exp2,prioprivacy
9,education,0.9036204495723095,0.9036204495723095,0.8716638556299965,0.922229441299285,exp2,prioprivacy
9,native-country,0.9301107353623765,0.9301107353623953,0.5828577006753128,0.9584540360610768,exp2,prioprivacy
9,age,0.9991048338969565,0.9991048338969611,0.9996263839875739,0.998656790484976,exp2,prioprivacy
10,sex,0.5111066905377628,0.5111066905377628,0.48075012190696265,0.5111066905377628,exp2,prioprivacy
10,salary-class,0.6467077779988064,0.6467077779988064,0.5843729305195067,0.6467077779988064,exp2,prioprivacy
10,race,0.6910682315496319,0.6910682315494558,0.37014835635800436,0.7071388861775851,exp2,prioprivacy
10,workclass,0.586201180293084,0.5879488855418833,0.31858059890287327,0.6622883221948278,exp2,prioprivacy
10,marital-status,0.6134705921358,0.6123820259488784,0.524360288020253,0.6403269106815437,exp2,prioprivacy
10,occupation,0.6655062661627213,0.6657868025481792,0.6431892103982708,0.6482900730629224,exp2,prioprivacy
10,education,0.896227040647172,0.896227040647172,0.8620192744936526,0.9165691884412854,exp2,prioprivacy
10,native-country,0.9298123466613619,0.9298123466613807,0.5812708679180891,0.9583760287779268,exp2,prioprivacy
10,age,0.9991048338969565,0.9991048338969611,0.9996263839875739,0.998656790484976,exp2,prioprivacy
2,sex,0.9999005370996619,0.9999005370996619,1.0,0.9999005370996619,exp3,prioprivacy
2,salary-class,0.9905841787679862,0.9905841787679861,0.9886744700803125,0.9905841787679862,exp3,prioprivacy
2,race,0.9524235793382402,0.9524235793383846,0.8664533705652676,0.9636414175921643,exp3,prioprivacy
2,workclass,0.8212983223924143,0.8303068193659003,0.6692043168425026,0.8818286326364314,exp3,prioprivacy
2,marital-status,0.8036436575823884,0.795018013836502,0.7275679078500554,0.8186334082190752,exp3,prioprivacy
2,occupation,0.8115012267091042,0.8185669181293497,0.7967300114923563,0.8071851310144658,exp3,prioprivacy
2,education,0.9432729925071283,0.9435956943615587,0.9238781538948695,0.9484135923016921,exp3,prioprivacy
2,native-country,0.9706915987003515,0.9711889132020601,0.8160190091527939,0.9817729265626218,exp3,prioprivacy
2,age,0.9999668456998873,0.9999668456998916,1.0,0.999947158635127,exp3,prioprivacy
3,sex,0.9997679198992109,0.9997679198992109,0.9997484613215066,0.9997679198992109,exp3,prioprivacy
3,salary-class,0.9888933094622373,0.9888933094622372,0.98632736849977,0.9888933094622373,exp3,prioprivacy
3,race,0.9292487235594457,0.9292487235595918,0.8077349518401219,0.9450430531448529,exp3,prioprivacy
3,workclass,0.7482096677939128,0.7584330330501009,0.5429465792986017,0.8262801087455661,exp3,prioprivacy
3,marital-status,0.7484085935945892,0.7395784983313443,0.6619285335059588,0.7681136928266135,exp3,prioprivacy
3,occupation,0.7221503879053113,0.7315266790102297,0.7018503981702363,0.718116696607379,exp3,prioprivacy
3,education,0.924761841610857,0.9249342439714431,0.8974468165481011,0.9346909335218154,exp3,prioprivacy
3,native-country,0.9497215038790531,0.9499801074199509,0.6906592354457048,0.9696657411752582,exp3,prioprivacy
3,age,0.9999668456998873,0.9999668456998916,1.0,0.999947158635127,exp3,prioprivacy
4,sex,0.9997347655990982,0.9997347655990982,0.9998413971613359,0.9997347655990982,exp3,prioprivacy
4,salary-class,0.9907831045686626,0.9907831045686626,0.9887381639339208,0.9907831045686626,exp3,prioprivacy
4,race,0.9110801670976726,0.911080167097819,0.7612845375664815,0.9298460781110088,exp3,prioprivacy
4,workclass,0.7025230422385784,0.7129027063381549,0.46978524229265395,0.787749491889585,exp3,prioprivacy
4,marital-status,0.7077448445063325,0.6989921092766849,0.6169772367922145,0.7299319770461643,exp3,prioprivacy
4,occupation,0.661875870300378,0.6713822282749027,0.6392889340163893,0.6572395789078496,exp3,prioprivacy
4,education,0.9065380279822293,0.9067480052162765,0.8726062915200782,0.920977789857838,exp3,prioprivacy
4,native-country,0.9390292420926994,0.9390623963928308,0.6314542217529058,0.9635417360741886,exp3,prioprivacy
4,age,0.9997679198992109,0.9997679198992153,0.9999404332377492,0.9996253490626645,exp3,prioprivacy
5,sex,0.9994695311981964,0.9994695311981965,0.9994771026360922,0.9994695311981964,exp3,prioprivacy
5,salary-class,0.9917445792719316,0.9917445792719315,0.990309766744716,0.9917445792719316,exp3,prioprivacy
5,race,0.903686758172535,0.903686758172662,0.7453569856486275,0.9237392791515836,exp3,prioprivacy
5,workclass,0.6581791658378091,0.6682391277577273,0.4076285033338658,0.745253364825893,exp3,prioprivacy
5,marital-status,0.6738943040912406,0.6655449461796308,0.5849199275385955,0.6923122172228863,exp3,prioprivacy
5,occupation,0.6114481798289237,0.6223036627849265,0.5873406436493082,0.6081202198109273,exp3,prioprivacy
5,education,0.8855292531441328,0.8857281789448092,0.8441489749286796,0.9042709011414622,exp3,prioprivacy
5,native-country,0.9327299250712817,0.9327299250713005,0.5963232405529459,0.960337283557146,exp3,prioprivacy
5,age,0.9997679198992109,0.9997679198992153,0.9999404332377492,0.9996253490626645,exp3,prioprivacy
6,sex,0.9992706053975201,0.99927060539752,0.9993216877691212,0.9992706053975201,exp3,prioprivacy
6,salary-class,0.9915456534712552,0.9915456534712552,0.9903303501566493,0.9915456534712552,exp3,prioprivacy
6,race,0.8979510642530336,0.8979510642531443,0.7325938599408663,0.9188695419688592,exp3,prioprivacy
6,workclass,0.604502353955308,0.615343810092169,0.34683657388302525,0.690045847616039,exp3,prioprivacy
6,marital-status,0.6427126848352231,0.6347943328250762,0.5546781685338187,0.6621280483607532,exp3,prioprivacy
6,occupation,0.572060871295007,0.5848444043190891,0.5482613844897903,0.5710689883073016,exp3,prioprivacy
6,education,0.8649846385076143,0.8651305174281104,0.8173134880597512,0.8887720184436042,exp3,prioprivacy
6,native-country,0.9289171805583184,0.9289171805583372,0.5749795720734956,0.9582686820888365,exp3,prioprivacy
6,age,0.9996021483986473,0.9996021483986518,0.9998713707868259,0.9993836172989732,exp3,prioprivacy
7,sex,0.9988727537961674,0.9988727537961675,0.9988737884178915,0.9988727537961674,exp3,prioprivacy
7,salary-class,0.9905510244678735,0.9905510244678735,0.9889837984661864,0.9905510244678735,exp3,prioprivacy
7,race,0.8917843644320669,0.8917843644321612,0.7162689175167547,0.9128964220693518,exp3,prioprivacy
7,workclass,0.5584344539486772,0.570703913154679,0.3014902559378678,0.6433530371038282,exp3,prioprivacy
7,marital-status,0.6261355347788609,0.617946422651125,0.5379669189659964,0.646012803584503,exp3,prioprivacy
7,occupation,0.5348617465685299,0.5485684993342047,0.5110927822722067,0.5359055681903426,exp3,prioprivacy
7,education,0.8477886081824811,0.8478969122295161,0.7948084440491844,0.8751428560199552,exp3,prioprivacy
7,native-country,0.9264637623499767,0.9264637623499956,0.5632674130244649,0.9572648150294553,exp3,prioprivacy
7,age,0.9996021483986473,0.9996021483986518,0.9998713707868259,0.9993836172989732,exp3,prioprivacy
8,sex,0.9986406736953783,0.9986406736953783,0.9986957800444433,0.9986406736953783,exp3,prioprivacy
8,salary-class,0.9894237782640408,0.9894237782640409,0.9880170197077808,0.9894237782640408,exp3,prioprivacy
8,race,0.889364100523838,0.8893641005239269,0.7118970403227018,0.9106705596272264,exp3,prioprivacy
8,workclass,0.5255619653869107,0.5374833044417289,0.2724457021869112,0.6071069558040697,exp3,prioprivacy
8,marital-status,0.6204993037596976,0.6133213977854004,0.5323787938209756,0.6427937596605736,exp3,prioprivacy
8,occupation,0.5040282474636961,0.5168627871033219,0.48116909132846264,0.5081287878437746,exp3,prioprivacy
8,education,0.8264482903432575,0.826625113277192,0.767104909244239,0.8587907156463463,exp3,prioprivacy
8,native-country,0.9256349048471587,0.9256349048471775,0.5600952165922757,0.95700099873158,exp3,prioprivacy
8,age,0.9993700682978582,0.9993700682978627,0.9997654162756852,0.999055370425182,exp3,prioprivacy
9,sex,0.9989059080962801,0.9989059080962801,0.9990382614579181,0.9989059080962801,exp3,prioprivacy
9,salary-class,0.9896890126649427,0.9896890126649427,0.9886436058988366,0.9896890126649427,exp3,prioprivacy
9,race,0.8826337776009548,0.8826337776010256,0.6962884252730321,0.9037935146558931,exp3,prioprivacy
9,workclass,0.49661826138850207,0.506720850265708,0.2478024359051988,0.5732583815990284,exp3,prioprivacy
9,marital-status,0.6120615343810092,0.6051101827908145,0.523663589421981,0.6372830868778904,exp3,prioprivacy
9,occupation,0.47170280485378957,0.4846215054090932,0.4498206286334312,0.4768576010716796,exp3,prioprivacy
9,education,0.806997767610459,0.807057445350662,0.7422737398053668,0.8427608481112392,exp3,prioprivacy
9,native-country,0.9248060473443406,0.9248060473443593,0.5546290650857222,0.9565431826542485,exp3,prioprivacy
9,age,0.9991048338969565,0.9991048338969611,0.9996263839875739,0.998656790484976,exp3,prioprivacy
10,sex,0.9985743650951528,0.9985743650951528,0.9989129451413031,0.9985743650951528,exp3,prioprivacy
10,salary-class,0.9881639148597573,0.9881639148597574,0.9863787311768643,0.9881639148597573,exp3,prioprivacy
10,race,0.866719713546847,0.86671971354688,0.6575844503427282,0.8874825474560663,exp3,prioprivacy
10,workclass,0.4576951130561634,0.4683518523781106,0.22012334499520825,0.5309243896137315,exp3,prioprivacy
10,marital-status,0.6122438830316292,0.6070331321973546,0.5231514615236419,0.6397286591280296,exp3,prioprivacy
10,occupation,0.44720177707048603,0.46056168485039706,0.4255626681148351,0.45360410213237357,exp3,prioprivacy
10,education,0.7942996706672857,0.7944322878677365,0.725692540252751,0.8320863360246632,exp3,prioprivacy
10,native-country,0.9238777269411843,0.9238777269412031,0.5506273500544705,0.9562306118044045,exp3,prioprivacy
10,age,0.9991048338969565,0.9991048338969611,0.9996263839875739,0.998656790484976,exp3,prioprivacy
2,sex,1.0,1.0,1.0,1.0,exp4,prioprivacy
2,salary-class,0.9997347655990982,0.9997347655990982,1.0,0.9997347655990982,exp4,prioprivacy
2,race,0.9770240700218819,0.9770240700220231,0.9370654666267267,0.9841813112430455,exp4,prioprivacy
2,workclass,0.8982991844042172,0.9009775782204666,0.8109942931232935,0.9326909297453014,exp4,prioprivacy
2,marital-status,0.7974272263112525,0.7883761023805871,0.7190955027084235,0.8131227354363919,exp4,prioprivacy
2,occupation,0.7451926264836549,0.7564026054179323,0.7278876922149399,0.7396011278517596,exp4,prioprivacy
2,education,0.9232146409389299,0.9238291006343523,0.8961862680983841,0.931161652924564,exp4,prioprivacy
2,native-country,0.9635302698760029,0.9642596644785012,0.7721237459378918,0.9772416568339569,exp4,prioprivacy
2,age,0.9999171142497182,0.9999310122644163,0.9999765062241058,0.9998910098292264,exp4,prioprivacy
3,sex,1.0,1.0,1.0,1.0,exp4,prioprivacy
3,salary-class,0.9992374510974074,0.9992374510974074,0.9997569662100004,0.9992374510974074,exp4,prioprivacy
3,race,0.9627345666732975,0.9627345666734404,0.9040485942961621,0.9753606151783024,exp4,prioprivacy
3,workclass,0.8408759366089782,0.8436253753540406,0.7064298285114672,0.8931121880599544,exp4,prioprivacy
3,marital-status,0.7373682116570519,0.7278529275248105,0.6493306466292739,0.7561499133286191,exp4,prioprivacy
3,occupation,0.6539685697234932,0.6686380723578805,0.6326588275723413,0.6504576787172553,exp4,prioprivacy
3,education,0.8957849833123355,0.8961695731936432,0.8578856185755914,0.9099644569051093,exp4,prioprivacy
3,native-country,0.9420462834029574,0.942424242424261,0.6464577366935846,0.9652140172067165,exp4,prioprivacy
3,age,0.9997347655990982,0.9997347655991026,0.9999148924753241,0.999578456652123,exp4,prioprivacy
4,sex,1.0,1.0,1.0,1.0,exp4,prioprivacy
4,salary-class,0.9988395994960546,0.9988395994960546,0.9989652160565432,0.9988395994960546,exp4,prioprivacy
4,race,0.9535508255420728,0.9535508255422169,0.8827286691665697,0.9697482165515895,exp4,prioprivacy
4,workclass,0.7992672899675088,0.8022866994420605,0.6308387559509334,0.8640596740771115,exp4,prioprivacy
4,marital-status,0.6983787547244877,0.6889463563425295,0.60719756308683,0.7189794679566205,exp4,prioprivacy
4,occupation,0.5959319673761687,0.6095418075723005,0.5724904206788535,0.5905664180752075,exp4,prioprivacy
4,education,0.8673054395155049,0.8675773047764295,0.820031939238484,0.8856076218560558,exp4,prioprivacy
4,native-country,0.9341224056760162,0.9341555599761476,0.6030759915312942,0.9608129979722223,exp4,prioprivacy
4,age,0.9995358397984219,0.9995358397984263,0.9997986382598689,0.9993265694906457,exp4,prioprivacy
5,sex,1.0,1.0,1.0,1.0,exp4,prioprivacy
5,salary-class,0.9987401365957165,0.9987401365957165,0.9993799092833578,0.9987401365957165,exp4,prioprivacy
5,race,0.9469199655195278,0.9469199655196725,0.8667702656665799,0.9656741880588527,exp4,prioprivacy
5,workclass,0.7685166766129568,0.7709748311498859,0.5771053642990123,0.8406965322967845,exp4,prioprivacy
5,marital-status,0.6707114912804191,0.6615443272993601,0.5795047645962002,0.6908516323631562,exp4,prioprivacy
5,occupation,0.5451561567535309,0.5617180048250736,0.5216663771453114,0.5432495455565151,exp4,prioprivacy
5,education,0.8441305837367106,0.8443295095373871,0.7895015666332191,0.8663841918346653,exp4,prioprivacy
5,native-country,0.9292155692593329,0.9292155692593518,0.5763198194765528,0.958535705352797,exp4,prioprivacy
5,age,0.9992706053975201,0.9992706053975248,0.9996764440378935,0.9989279895504397,exp4,prioprivacy
6,sex,1.0,1.0,1.0,1.0,exp4,prioprivacy
6,salary-class,0.998077050593462,0.998077050593462,0.9989936379840985,0.998077050593462,exp4,prioprivacy
6,race,0.9419468205026191,0.9419468205027637,0.8514501071539592,0.9621327539159477,exp4,prioprivacy
6,workclass,0.742407665274186,0.7441198480585789,0.5327894287483428,0.8189233603174919,exp4,prioprivacy
6,marital-status,0.6575823884357801,0.6468403951993636,0.563746089754555,0.6774160038548427,exp4,prioprivacy
6,occupation,0.4919600822226643,0.5150112469585755,0.4677111604074975,0.4933352436609889,exp4,prioprivacy
6,education,0.8234975576332251,0.8236434365537211,0.7629868423462859,0.8500221226444659,exp4,prioprivacy
6,native-country,0.9265300709502022,0.9265300709502211,0.5618753834093988,0.9570784642974858,exp4,prioprivacy
6,age,0.9989390623963929,0.9989390623963976,0.9994492990267363,0.9984660021921453,exp4,prioprivacy
7,sex,1.0,1.0,1.0,1.0,exp4,prioprivacy
7,salary-class,0.9968503414892912,0.9968503414892911,0.9972751769402703,0.9968503414892912,exp4,prioprivacy
7,race,0.9397254823950666,0.9397254823952111,0.845769409384092,0.9605201176375727,exp4,prioprivacy
7,workclass,0.7256978980173728,0.7274811257305787,0.5038825209582432,0.8071774584123523,exp4,prioprivacy
7,marital-status,0.6426795305351104,0.6320922573658854,0.5473253796011471,0.6634234256785086,exp4,prioprivacy
7,occupation,0.44647238246800613,0.4752107848386651,0.42282725780659747,0.45326564705890715,exp4,prioprivacy
7,education,0.8049090467033577,0.8050637667705501,0.7392894731316603,0.8350258862865048,exp4,prioprivacy
7,native-country,0.925004973145017,0.9250049731450357,0.5575184194005567,0.9568671512349084,exp4,prioprivacy
7,age,0.9985412107950401,0.9985412107950451,0.9991846784574377,0.9979118837332814,exp4,prioprivacy
8,sex,1.0,1.0,1.0,1.0,exp4,prioprivacy
8,salary-class,0.9966514156886148,0.9966514156886148,0.9978245858293198,0.9966514156886148,exp4,prioprivacy
8,race,0.9368742125853723,0.9368742125855172,0.837098067562179,0.9586252700104821,exp4,prioprivacy
8,workclass,0.7104469199655195,0.7120454308638116,0.4787929011554597,0.7929514128241525,exp4,prioprivacy
8,marital-status,0.6122770373317419,0.6025683531155012,0.5195462312918482,0.6317386216434395,exp4,prioprivacy
8,occupation,0.4207446455805318,0.44905459238053125,0.3977154891161694,0.4304572592036138,exp4,prioprivacy
8,education,0.7850606723692065,0.7852971730433437,0.7137242573227277,0.819222313029524,exp4,prioprivacy
8,native-country,0.923546183940057,0.9235461839400758,0.5471792045881867,0.9557018957741656,exp4,prioprivacy
8,age,0.998077050593462,0.9980770505934671,0.998906861734058,0.9973139694277909,exp4,prioprivacy
9,sex,1.0,1.0,1.0,1.0,exp4,prioprivacy
9,salary-class,0.9955904780850077,0.9955904780850076,0.9966732179304187,0.9955904780850077,exp4,prioprivacy
9,race,0.9334924739738744,0.9334924739740196,0.8245452319058664,0.9554700198184511,exp4,prioprivacy
9,workclass,0.6980472117233605,0.6989494823192854,0.45852423450540647,0.7818289464462606,exp4,prioprivacy
9,marital-status,0.5684802068828327,0.5594125058021011,0.4793665951457772,0.5877183211409334,exp4,prioprivacy
9,occupation,0.3963265035475101,0.4239720891798917,0.3737791240160856,0.4079339984165138,exp4,prioprivacy
9,education,0.7636540459297572,0.76371372366996,0.6873416630363436,0.8002773035733604,exp4,prioprivacy
9,native-country,0.9234135667396062,0.9234135667396249,0.5480865725120339,0.9559792550031434,exp4,prioprivacy
9,age,0.998077050593462,0.9980770505934671,0.998906861734058,0.9973139694277909,exp4,prioprivacy
10,sex,1.0,1.0,1.0,1.0,exp4,prioprivacy
10,salary-class,0.9955573237848949,0.9955573237848949,0.9965625098536353,0.9955573237848949,exp4,prioprivacy
10,race,0.9305417412638419,0.9305417412639876,0.8174957331452366,0.9525969809751357,exp4,prioprivacy
10,workclass,0.6861116636827796,0.6872412780509061,0.4394354131645577,0.7709460215712877,exp4,prioprivacy
10,marital-status,0.534911478018699,0.526866034524762,0.44719981478932835,0.5539759322649078,exp4,prioprivacy
10,occupation,0.3783734500364697,0.40345467807168955,0.3560521732230342,0.3871883378051828,exp4,prioprivacy
10,education,0.7402913157836575,0.740423932984108,0.6584936392018351,0.7793910036233975,exp4,prioprivacy
10,native-country,0.9215900802334063,0.921590080233425,0.5387411778293403,0.9549873707292015,exp4,prioprivacy
10,age,0.9977786618924475,0.9977786618924526,0.9986828735252462,0.9969779422984282,exp4,prioprivacy
